Site,MType,MNo,Op No.,Sort Program,Tour,Run#,Start,End,Fed,MODS,DOIS
"02301-9997","AFCS200","2","004000","004FA023.STF","3","6","05/14/25 17:36","05/14/25 23:30","34103","S 05/14/25","NS",
"02301-9997","AFCS200","2","004000","004FA023.STF","3","6","05/15/25 17:35","05/15/25 19:10","14655","S 05/15/25","NS",
"02301-9997","AFCS200","2","004000","004FA023.STF","3","7","05/15/25 19:20","05/15/25 19:31","1719","S 05/15/25","NS",
"02301-9997","AFCS200","2","004000","004FA023.STF","3","8","05/15/25 20:49","05/15/25 22:01","11628","S 05/15/25","NS",
"02301-9997","AFCS200","2","004000","004FA023.STF","3","9","05/15/25 22:04","05/15/25 22:55","6859","S 05/15/25","NS",
"02301-9997","AFCS200","2","004000","004FA023.STF","3","9","05/16/25 17:37","05/16/25 19:22","17238","S 05/16/25","NS",
"02301-9997","AFCS200","2","004000","004FA023.STF","3","10","05/16/25 19:43","05/16/25 21:12","455","S 05/16/25","NS",
"02301-9997","AFCS200","2","004000","004FA023.STF","3","11","05/16/25 21:13","05/16/25 21:51","9262","S 05/16/25","NS",
"02301-9997","AFCS200","2","004000","004FA023.STF","1","12","05/16/25 22:10","05/16/25 23:56","19819","S 05/17/25","NS",
"02301-9997","AFCS200","2","004000","004FA023.STF","3","9","05/19/25 17:07","05/19/25 18:45","15929","S 05/19/25","NS",
"02301-9997","AFCS200","2","004000","004FA023.STF","3","10","05/19/25 18:49","05/19/25 18:56","1710","S 05/19/25","NS",
"02301-9997","AFCS200","2","004000","004FA023.STF","3","11","05/19/25 18:57","05/19/25 19:25","4466","S 05/19/25","NS",
"02301-9997","AFCS200","2","004000","004FA023.STF","3","12","05/19/25 20:04","05/19/25 20:51","628","S 05/19/25","NS",
"02301-9997","AFCS200","2","004000","004FA023.STF","3","13","05/19/25 20:52","05/19/25 21:02","2576","S 05/19/25","NS",
"02301-9997","AFCS200","2","004000","004FA023.STF","3","15","05/19/25 21:08","05/19/25 22:54","18923","S 05/19/25","NS",
"02301-9997","AFCS200","2","004000","004FA023.STF","1","16","05/19/25 22:59","05/19/25 23:10","3130","S 05/19/25","NS",
"02301-9997","AFCS200","2","004000","004FA023.STF","1","18","05/19/25 23:16","05/19/25 23:24","388","S 05/19/25","NS",
"02301-9997","AFCS200","3","004000","004FA023.STF","3","8","05/14/25 17:36","05/14/25 18:11","3098","S 05/14/25","NS",
"02301-9997","AFCS200","3","004000","004FA023.STF","3","9","05/14/25 18:37","05/14/25 20:19","12904","S 05/14/25","NS",
"02301-9997","AFCS200","3","004000","004FA023.STF","3","10","05/14/25 20:27","05/14/25 22:08","17581","S 05/14/25","NS",
"02301-9997","AFCS200","3","004000","004FA023.STF","3","11","05/14/25 22:14","05/14/25 23:36","20974","S 05/14/25","NS",
"02301-9997","AFCS200","3","004000","004FA023.STF","3","6","05/15/25 19:02","05/15/25 19:56","14914","S 05/15/25","NS",
"02301-9997","AFCS200","3","004000","004FA023.STF","3","7","05/15/25 20:02","05/15/25 22:57","35544","S 05/15/25","NS",
"02301-9997","AFCS200","3","004000","004FA023.STF","3","8","05/16/25 17:38","05/16/25 19:26","22559","S 05/16/25","NS",
"02301-9997","AFCS200","3","004000","004FA023.STF","3","9","05/16/25 20:12","05/16/25 20:43","6725","S 05/16/25","NS",
"02301-9997","AFCS200","3","004000","004FA023.STF","3","10","05/16/25 21:29","05/16/25 21:51","5601","S 05/16/25","NS",
"02301-9997","AFCS200","3","004000","004FA023.STF","1","12","05/16/25 22:33","05/16/25 23:43","9147","S 05/16/25","NS",
"02301-9997","AFCS200","3","004000","004FA023.STF","3","11","05/19/25 17:35","05/19/25 20:03","26376","S 05/19/25","NS",
"02301-9997","AFCS200","3","004000","004FA023.STF","3","16","05/19/25 21:03","05/19/25 21:58","11337","S 05/19/25","NS",
"02301-9997","AFCS200","3","004000","004FA023.STF","3","17","05/19/25 22:02","05/19/25 23:29","14375","S 05/19/25","NS",
"02301-9997","AFSM100","1","463000","463F0M30","3","2","05/14/25 14:32","05/14/25 16:29","16599","S 05/14/25","NS",
"02301-9997","AFSM100","1","463000","463F0M30","3","1","05/14/25 17:14","05/14/25 18:29","6117","S 05/14/25","NS",
"02301-9997","AFSM100","1","461000","461F0OGP","3","2","05/14/25 18:31","05/14/25 21:53","12652","S 05/14/25","NS",
"02301-9997","AFSM100","1","461000","461F0OGP","3","3","05/14/25 22:11","05/14/25 23:40","2073","S 05/14/25","NS",
"02301-9997","AFSM100","1","462000","462F0OVR","1","1","05/14/25 23:47","05/15/25 00:00","1051","S 05/15/25","NS",
"02301-9997","AFSM100","1","466000","466F7025","1","2","05/15/25 00:03","05/15/25 00:34","4758","S 05/15/25","S",
"02301-9997","AFSM100","1","466000","466F7343","1","3","05/15/25 00:40","05/15/25 00:57","1930","S 05/15/25","S",
"02301-9997","AFSM100","1","466000","466F7343","1","4","05/15/25 01:35","05/15/25 01:58","1900","S 05/15/25","S",
"02301-9997","AFSM100","1","466000","466F7BRK","1","5","05/15/25 02:00","05/15/25 02:38","3677","S 05/15/25","S",
"02301-9997","AFSM100","1","466000","466F7368","1","6","05/15/25 02:42","05/15/25 03:28","5200","S 05/15/25","S",
"02301-9997","AFSM100","1","466000","466F7072","1","7","05/15/25 03:35","05/15/25 04:17","4372","S 05/15/25","S",
"02301-9997","AFSM100","1","466000","466F7359","1","8","05/15/25 04:24","05/15/25 05:19","4544","S 05/15/25","S",
"02301-9997","AFSM100","1","466000","466F7361","1","9","05/15/25 05:22","05/15/25 05:43","4178","S 05/15/25","S",
"02301-9997","AFSM100","1","466000","466F7043","1","10","05/15/25 05:46","05/15/25 06:07","4691","S 05/15/25","S",
"02301-9997","AFSM100","1","463000","463F0M30","3","4","05/15/25 14:33","05/15/25 17:02","18811","S 05/15/25","NS",
"02301-9997","AFSM100","1","463000","463F0M30","3","1","05/15/25 17:33","05/15/25 19:26","8011","S 05/15/25","NS",
"02301-9997","AFSM100","1","463000","463F0M30","3","2","05/15/25 20:11","05/15/25 20:36","995","S 05/15/25","NS",
"02301-9997","AFSM100","1","461000","461F0OGP","3","3","05/15/25 20:45","05/15/25 21:51","6645","S 05/15/25","NS",
"02301-9997","AFSM100","1","461000","461F0OGP","1","4","05/15/25 22:38","05/16/25 00:13","7874","S 05/16/25","NS",
"02301-9997","AFSM100","1","462000","462F0OVR","1","1","05/16/25 00:22","05/16/25 01:22","1279","S 05/16/25","NS",
"02301-9997","AFSM100","1","466000","466F7025","1","2","05/16/25 02:08","05/16/25 02:34","4484","S 05/16/25","S",
"02301-9997","AFSM100","1","466000","466F7343","1","3","05/16/25 02:42","05/16/25 03:03","4142","S 05/16/25","S",
"02301-9997","AFSM100","1","466000","466F7BRK","1","4","05/16/25 03:10","05/16/25 03:36","5445","S 05/16/25","S",
"02301-9997","AFSM100","1","466000","466F7368","1","5","05/16/25 03:43","05/16/25 04:10","5576","S 05/16/25","S",
"02301-9997","AFSM100","1","466000","466F7072","1","6","05/16/25 04:17","05/16/25 04:33","2611","S 05/16/25","S",
"02301-9997","AFSM100","1","466000","466F7359","1","8","05/16/25 04:41","05/16/25 04:54","3102","S 05/16/25","S",
"02301-9997","AFSM100","1","466000","466F7361","1","9","05/16/25 05:05","05/16/25 05:28","3264","S 05/16/25","S",
"02301-9997","AFSM100","1","466000","466F7043","1","10","05/16/25 05:38","05/16/25 06:01","5126","S 05/16/25","S",
"02301-9997","AFSM100","1","463000","463F0M30","3","3","05/16/25 14:32","05/16/25 16:33","16654","S 05/16/25","NS",
"02301-9997","AFSM100","1","463000","463F0M30","3","1","05/16/25 17:35","05/16/25 18:10","2157","S 05/16/25","NS",
"02301-9997","AFSM100","1","461000","461F0OGP","3","2","05/16/25 18:20","05/16/25 19:23","8843","S 05/16/25","NS",
"02301-9997","AFSM100","1","461000","461F0OGP","3","3","05/16/25 20:07","05/16/25 22:37","11573","S 05/16/25","NS",
"02301-9997","AFSM100","1","461000","461F0OGP","1","4","05/16/25 22:38","05/16/25 23:30","2010","S 05/16/25","NS",
"02301-9997","AFSM100","1","462000","462F0OVR","1","1","05/16/25 23:38","05/17/25 00:00","2433","S 05/17/25","NS",
"02301-9997","AFSM100","1","466000","466F7025","1","2","05/17/25 01:36","05/17/25 02:23","8868","S 05/17/25","S",
"02301-9997","AFSM100","1","466000","466F7343","1","3","05/17/25 02:33","05/17/25 03:02","3473","S 05/17/25","S",
"02301-9997","AFSM100","1","466000","466F7BRK","1","4","05/17/25 03:11","05/17/25 03:38","3976","S 05/17/25","S",
"02301-9997","AFSM100","1","466000","466F7368","1","5","05/17/25 03:48","05/17/25 04:17","4359","S 05/17/25","S",
"02301-9997","AFSM100","1","466000","466F7072","1","6","05/17/25 04:29","05/17/25 05:18","5620","S 05/17/25","S",
"02301-9997","AFSM100","1","466000","466F7359","1","7","05/17/25 05:21","05/17/25 05:44","3693","S 05/17/25","S",
"02301-9997","AFSM100","1","466000","466F7361","1","8","05/17/25 05:46","05/17/25 06:00","2464","S 05/17/25","S",
"02301-9997","AFSM100","1","466000","466F7043","1","9","05/17/25 06:02","05/17/25 06:19","2448","S 05/17/25","S",
"02301-9997","AFSM100","1","463000","463F0M30","3","3","05/17/25 14:34","05/17/25 16:40","4586","S 05/17/25","NS",
"02301-9997","AFSM100","1","463000","463F0M30","3","1","05/17/25 17:35","05/17/25 19:17","6409","S 05/17/25","NS",
"02301-9997","AFSM100","1","463000","463F0M30","3","2","05/17/25 20:14","05/17/25 20:32","514","S 05/17/25","NS",
"02301-9997","AFSM100","1","466000","466F7025","3","3","05/17/25 20:37","05/17/25 21:27","2893","S 05/17/25","S",
"02301-9997","AFSM100","1","466000","466F7343","1","1","05/17/25 23:15","05/17/25 23:50","2695","S 05/17/25","S",
"02301-9997","AFSM100","1","466000","466F7359","1","2","05/18/25 00:02","05/18/25 01:14","5034","S 05/18/25","S",
"02301-9997","AFSM100","1","466000","466F7BRK","1","3","05/18/25 01:28","05/18/25 03:09","8032","S 05/18/25","S",
"02301-9997","AFSM100","1","466000","466F7368","1","4","05/18/25 03:17","05/18/25 03:58","4232","S 05/18/25","S",
"02301-9997","AFSM100","1","466000","466F7072","1","5","05/18/25 04:46","05/18/25 05:31","5178","S 05/18/25","S",
"02301-9997","AFSM100","1","466000","466F7361","1","6","05/18/25 05:40","05/18/25 06:18","3084","S 05/18/25","S",
"02301-9997","AFSM100","1","463000","463F0M30","3","3","05/18/25 14:30","05/18/25 15:47","7768","S 05/18/25","NS",
"02301-9997","AFSM100","1","463000","463F0M30","3","1","05/18/25 18:05","05/18/25 19:10","8727","S 05/18/25","NS",
"02301-9997","AFSM100","1","466000","466F7025","3","2","05/18/25 19:15","05/18/25 19:22","757","S 05/18/25","S",
"02301-9997","AFSM100","1","466000","466F7025","3","3","05/18/25 20:15","05/18/25 20:38","1144","S 05/18/25","S",
"02301-9997","AFSM100","1","466000","466F7343","3","4","05/18/25 20:43","05/18/25 21:33","1979","S 05/18/25","S",
"02301-9997","AFSM100","1","466000","466F7043","3","5","05/18/25 21:34","05/18/25 21:53","2269","S 05/18/25","S",
"02301-9997","AFSM100","1","466000","466F7043","1","6","05/18/25 22:17","05/19/25 00:08","7668","S 05/19/25","S",
"02301-9997","AFSM100","1","466000","466F7361","1","1","05/19/25 00:09","05/19/25 01:19","8499","S 05/19/25","S",
"02301-9997","AFSM100","1","466000","466F7368","1","2","05/19/25 02:03","05/19/25 02:33","2522","S 05/19/25","S",
"02301-9997","AFSM100","1","466000","466F7072","1","3","05/19/25 02:40","05/19/25 03:16","2395","S 05/19/25","S",
"02301-9997","AFSM100","1","466000","466F7359","1","4","05/19/25 04:13","05/19/25 04:48","3341","S 05/19/25","S",
"02301-9997","AFSM100","1","466000","466F7BRK","1","5","05/19/25 04:50","05/19/25 05:36","2112","S 05/19/25","S",
"02301-9997","AFSM100","1","463000","463F0M30","3","3","05/19/25 14:29","05/19/25 16:32","17540","S 05/19/25","NS",
"02301-9997","AFSM100","1","463000","463F0M30","3","1","05/19/25 17:06","05/19/25 17:37","4700","S 05/19/25","NS",
"02301-9997","AFSM100","1","461000","461F0OGP","3","2","05/19/25 17:37","05/19/25 19:23","10301","S 05/19/25","NS",
"02301-9997","AFSM100","1","461000","461F0OGP","3","4","05/19/25 20:13","05/19/25 21:52","9251","S 05/19/25","NS",
"02301-9997","AFSM100","1","461000","461F0OGP","3","5","05/19/25 22:40","05/19/25 23:10","578","S 05/19/25","NS",
"02301-9997","AFSM100","1","462000","462F0OVR","1","1","05/19/25 23:14","05/19/25 23:23","1036","S 05/19/25","NS",
"02301-9997","AFSM100","1","466000","466F7025","1","2","05/19/25 23:28","05/19/25 23:56","2524","S 05/20/25","S",
"02301-9997","AFSM100","1","466000","466F7343","1","4","05/20/25 00:24","05/20/25 00:49","2739","S 05/20/25","S",
"02301-9997","AFSM100","1","466000","466F7BRK","1","5","05/20/25 00:54","05/20/25 01:13","2522","S 05/20/25","S",
"02301-9997","APBS","2","436000","436SA023","2","4","05/14/25 13:24","05/14/25 14:27","2993","S 05/14/25","NS",
"02301-9997","APBS","2","436000","436SA023","3","5","05/14/25 15:02","05/14/25 15:12","102","S 05/14/25","NS",
"02301-9997","APBS","2","438000","438PD023","3","6","05/14/25 15:13","05/14/25 18:02","7748","S 05/14/25","NS",
"02301-9997","APBS","2","438000","438PD023","3","7","05/14/25 18:03","05/14/25 19:16","3923","S 05/14/25","NS",
"02301-9997","APBS","2","438000","438PDADV","3","8","05/14/25 19:18","05/14/25 19:37","776","S 05/14/25","NS",
"02301-9997","APBS","2","438000","438PDADV","3","9","05/14/25 20:25","05/14/25 21:55","5248","S 05/14/25","NS",
"02301-9997","APBS","2","438000","438PDADV","1","10","05/14/25 22:34","05/15/25 03:54","21798","S 05/15/25","NS",
"02301-9997","APBS","2","436000","436SA023","2","3","05/15/25 12:11","05/15/25 13:59","5060","S 05/15/25","NS",
"02301-9997","APBS","2","438000","438PD023","2","4","05/15/25 14:00","05/15/25 14:27","862","S 05/15/25","NS",
"02301-9997","APBS","2","438000","438PD023","3","5","05/15/25 15:08","05/15/25 17:38","9405","S 05/15/25","NS",
"02301-9997","APBS","2","438000","438PD023","3","6","05/15/25 18:03","05/15/25 19:53","7793","S 05/15/25","NS",
"02301-9997","APBS","2","438000","438PDADV","3","7","05/15/25 20:51","05/15/25 21:59","3559","S 05/15/25","NS",
"02301-9997","APBS","2","438000","438PDADV","1","8","05/15/25 22:31","05/16/25 03:58","27169","S 05/16/25","NS",
"02301-9997","APBS","2","436000","436SA023","2","4","05/16/25 12:44","05/16/25 14:01","3919","S 05/16/25","NS",
"02301-9997","APBS","2","438000","438PD023","2","6","05/16/25 14:02","05/16/25 14:27","1666","S 05/16/25","NS",
"02301-9997","APBS","2","438000","438PDADV","3","8","05/16/25 14:59","05/16/25 17:25","10369","S 05/16/25","NS",
"02301-9997","APBS","2","438000","438PDADV","3","9","05/16/25 18:01","05/16/25 19:58","7576","S 05/16/25","NS",
"02301-9997","APBS","2","438000","438PDADV","1","10","05/16/25 20:15","05/17/25 04:06","39253","S 05/17/25","NS",
"02301-9997","APBS","2","436000","436SA023","2","3","05/17/25 12:37","05/17/25 14:24","5279","S 05/17/25","NS",
"02301-9997","APBS","2","438000","438PDADV","3","4","05/17/25 15:02","05/17/25 17:24","9116","S 05/17/25","NS",
"02301-9997","APBS","2","438000","438PDADV","3","5","05/17/25 18:02","05/17/25 19:55","7279","S 05/17/25","NS",
"02301-9997","APBS","2","438000","438PDADV","3","6","05/17/25 20:09","05/17/25 21:55","4825","S 05/17/25","NS",
"02301-9997","APBS","2","438000","438PDADV","1","7","05/17/25 22:31","05/18/25 03:56","21707","S 05/18/25","NS",
"02301-9997","APBS","2","436000","436SA023","2","2","05/18/25 12:55","05/18/25 13:10","460","S 05/18/25","NS",
"02301-9997","APBS","2","438000","438PD023","2","3","05/18/25 13:11","05/18/25 14:12","2275","S 05/18/25","NS",
"02301-9997","APBS","2","438000","438PDADV","2","4","05/18/25 14:13","05/18/25 14:23","607","S 05/18/25","NS",
"02301-9997","APBS","2","438000","438PDADV","3","5","05/18/25 14:59","05/18/25 17:25","9621","S 05/18/25","NS",
"02301-9997","APBS","2","438000","438PDADV","3","6","05/18/25 18:02","05/18/25 19:57","6280","S 05/18/25","NS",
"02301-9997","APBS","2","438000","438PDADV","3","7","05/18/25 20:07","05/18/25 21:55","7146","S 05/18/25","NS",
"02301-9997","APBS","2","438000","438PDADV","1","8","05/18/25 22:30","05/19/25 02:52","15926","S 05/19/25","NS",
"02301-9997","APBS","2","436000","436SA023","2","3","05/19/25 12:42","05/19/25 13:07","537","S 05/19/25","NS",
"02301-9997","APBS","2","438000","438PD023","2","4","05/19/25 13:07","05/19/25 14:33","5378","S 05/19/25","NS",
"02301-9997","APBS","2","438000","438PD023","3","5","05/19/25 15:04","05/19/25 17:27","7342","S 05/19/25","NS",
"02301-9997","APBS","2","438000","438PD023","3","6","05/19/25 18:05","05/19/25 19:56","7170","S 05/19/25","NS",
"02301-9997","APBS","2","438000","438PD023","3","7","05/19/25 20:10","05/19/25 23:00","12858","S 05/19/25","NS",
"02301-9997","APBS","2","438000","438PDADV","1","8","05/19/25 23:32","05/20/25 01:41","4841","P","NS",
"02301-9997","ATU","1","207000","ATU","2","1","05/14/25 09:57","05/14/25 12:24","200","S 05/14/25","NS",
"02301-9997","ATU","1","207000","ATU","2","2","05/14/25 12:24","05/14/25 13:24","194","S 05/14/25","NS",
"02301-9997","ATU","1","207000","ATU","2","3","05/14/25 13:28","05/14/25 16:00","82","S 05/14/25","NS",
"02301-9997","ATU","1","207000","ATU","1","1","05/15/25 00:00","05/15/25 08:00","97","S 05/15/25","NS",
"02301-9997","ATU","1","207000","ATU","2","2","05/15/25 08:00","05/15/25 16:00","554","S 05/15/25","NS",
"02301-9997","ATU","1","207000","ATU","2","3","05/16/25 08:00","05/16/25 16:00","1241","S 05/16/25","NS",
"02301-9997","ATU","1","207000","ATU","3","4","05/16/25 16:00","05/17/25 00:00","103","S 05/17/25","NS",
"02301-9997","ATU","1","207000","ATU","2","2","05/17/25 06:58","05/17/25 08:00","1","S 05/17/25","NS",
"02301-9997","ATU","1","207000","ATU","2","3","05/17/25 08:00","05/17/25 16:00","98","S 05/17/25","NS",
"02301-9997","ATU","1","207000","ATU","3","4","05/17/25 16:00","05/18/25 00:00","334","S 05/18/25","NS",
"02301-9997","ATU","1","207000","ATU","1","2","05/19/25 05:16","05/19/25 08:00","265","S 05/19/25","NS",
"02301-9997","ATU","1","207000","ATU","2","3","05/19/25 08:00","05/19/25 16:00","431","S 05/19/25","NS",
"02301-9997","ATU","2","207000","ATU","2","2","05/14/25 06:00","05/14/25 14:00","1203","S 05/14/25","NS",
"02301-9997","ATU","2","207000","ATU","3","3","05/14/25 14:00","05/14/25 22:00","150","S 05/14/25","NS",
"02301-9997","ATU","2","207000","ATU","1","1","05/14/25 22:00","05/15/25 05:19","586","S 05/15/25","NS",
"02301-9997","ATU","2","207000","ATU","1","2","05/15/25 05:23","05/15/25 06:00","52","S 05/15/25","NS",
"02301-9997","ATU","2","207000","ATU","2","3","05/15/25 06:00","05/15/25 14:00","886","S 05/15/25","NS",
"02301-9997","ATU","2","207000","ATU","3","4","05/15/25 14:00","05/15/25 22:00","283","S 05/15/25","NS",
"02301-9997","ATU","2","207000","ATU","1","1","05/15/25 22:00","05/16/25 06:00","352","S 05/16/25","NS",
"02301-9997","ATU","2","207000","ATU","2","2","05/16/25 06:00","05/16/25 14:00","1075","S 05/16/25","NS",
"02301-9997","ATU","2","207000","ATU","3","3","05/16/25 14:00","05/16/25 22:00","2","S 05/16/25","NS",
"02301-9997","ATU","2","207000","ATU","1","1","05/16/25 22:00","05/17/25 05:31","500","S 05/17/25","NS",
"02301-9997","ATU","2","207000","ATU","1","2","05/17/25 05:37","05/17/25 06:00","36","S 05/17/25","NS",
"02301-9997","ATU","2","207000","ATU","2","3","05/17/25 06:00","05/17/25 11:37","990","S 05/17/25","NS",
"02301-9997","ATU","2","207000","ATU","2","4","05/17/25 11:42","05/17/25 14:00","108","S 05/17/25","NS",
"02301-9997","ATU","2","207000","ATU","3","4","05/17/25 21:20","05/17/25 22:00","88","S 05/17/25","NS",
"02301-9997","ATU","2","207000","ATU","1","1","05/17/25 22:00","05/18/25 06:00","335","S 05/18/25","NS",
"02301-9997","ATU","2","207000","ATU","2","2","05/18/25 06:00","05/18/25 14:00","767","S 05/18/25","NS",
"02301-9997","ATU","2","207000","ATU","1","1","05/18/25 22:00","05/19/25 00:50","174","S 05/19/25","NS",
"02301-9997","ATU","2","207000","ATU","1","2","05/19/25 02:00","05/19/25 06:00","238","S 05/19/25","NS",
"02301-9997","ATU","2","207000","ATU","2","2","05/19/25 13:42","05/19/25 14:00","10","S 05/19/25","NS",
"02301-9997","ATU","2","207000","ATU","3","3","05/19/25 14:00","05/19/25 22:00","78","S 05/19/25","NS",
"02301-9997","DBCS","1","918000","LV02018U","2","3","05/14/25 13:12","05/14/25 13:49","16190","S 05/14/25","NS",
"02301-9997","DBCS","1","918000","LV02018U","3","4","05/14/25 14:20","05/14/25 15:46","40087","S 05/14/25","NS",
"02301-9997","DBCS","1","919000","LV02018U-2","3","5","05/14/25 15:54","05/14/25 16:54","32301","S 05/14/25","S",
"02301-9997","DBCS","1","919000","LV02018U-2","3","6","05/14/25 17:38","05/14/25 18:15","21888","S 05/14/25","S",
"02301-9997","DBCS","1","896000","896FA018","3","7","05/14/25 18:21","05/14/25 18:23","651","S 05/14/25","S",
"02301-9997","DBCS","1","918000","LV02368U","3","8","05/14/25 18:30","05/14/25 19:25","25008","S 05/14/25","S",
"02301-9997","DBCS","1","918000","LV02368U","3","9","05/14/25 20:02","05/14/25 21:22","36800","S 05/14/25","S",
"02301-9997","DBCS","1","918000","LV02368U","1","10","05/14/25 22:17","05/14/25 23:44","20489","S 05/14/25","S",
"02301-9997","DBCS","1","919000","LV02368U-2","1","11","05/15/25 00:05","05/15/25 00:52","25548","S 05/15/25","S",
"02301-9997","DBCS","1","919000","LV02368U-2","1","12","05/15/25 01:34","05/15/25 03:24","54087","S 05/15/25","S",
"02301-9997","DBCS","1","896000","896FA368","1","13","05/15/25 04:10","05/15/25 04:17","1366","S 05/15/25","S",
"02301-9997","DBCS","1","918000","LV02018U","3","4","05/15/25 14:15","05/15/25 16:02","47994","S 05/15/25","NS",
"02301-9997","DBCS","1","918000","LV02018U","3","5","05/15/25 16:05","05/15/25 16:26","7112","S 05/15/25","NS",
"02301-9997","DBCS","1","919000","LV02018U-2","3","6","05/15/25 16:32","05/15/25 16:55","11920","S 05/15/25","S",
"02301-9997","DBCS","1","919000","LV02018U-2","3","7","05/15/25 17:38","05/15/25 18:50","40634","S 05/15/25","S",
"02301-9997","DBCS","1","896000","896FA018","3","8","05/15/25 18:56","05/15/25 19:00","1246","S 05/15/25","S",
"02301-9997","DBCS","1","918000","LV02368U","3","9","05/15/25 19:10","05/15/25 21:28","48238","S 05/15/25","S",
"02301-9997","DBCS","1","918000","LV02368U","1","10","05/15/25 22:17","05/16/25 00:11","33832","S 05/16/25","S",
"02301-9997","DBCS","1","919000","LV02368U-2","1","11","05/16/25 00:30","05/16/25 00:54","12536","S 05/16/25","S",
"02301-9997","DBCS","1","919000","LV02368U-2","1","12","05/16/25 01:38","05/16/25 03:22","50183","S 05/16/25","S",
"02301-9997","DBCS","1","919000","LV02368U-2","1","13","05/16/25 04:03","05/16/25 04:38","16685","S 05/16/25","S",
"02301-9997","DBCS","1","896000","896FA368","1","14","05/16/25 04:49","05/16/25 04:54","2622","S 05/16/25","S",
"02301-9997","DBCS","1","918000","LV02018U","3","3","05/16/25 12:33","05/16/25 17:31","40608","S 05/16/25","NS",
"02301-9997","DBCS","1","918000","LV02018U","3","4","05/16/25 17:32","05/16/25 17:44","2138","S 05/16/25","NS",
"02301-9997","DBCS","1","919000","LV02018U-2","3","5","05/16/25 18:13","05/16/25 19:26","32104","S 05/16/25","S",
"02301-9997","DBCS","1","919000","LV02018U-2","3","6","05/16/25 20:08","05/16/25 20:24","7948","S 05/16/25","S",
"02301-9997","DBCS","1","896000","896FA018","3","7","05/16/25 20:27","05/16/25 20:36","1174","S 05/16/25","S",
"02301-9997","DBCS","1","918000","LV02368U","1","8","05/16/25 22:08","05/17/25 00:58","37626","S 05/17/25","S",
"02301-9997","DBCS","1","918000","LV02368U","1","9","05/17/25 01:24","05/17/25 02:08","15969","S 05/17/25","S",
"02301-9997","DBCS","1","919000","LV02368U-2","1","10","05/17/25 02:29","05/17/25 03:25","20601","S 05/17/25","S",
"02301-9997","DBCS","1","919000","LV02368U-2","1","11","05/17/25 03:30","05/17/25 05:13","31058","S 05/17/25","S",
"02301-9997","DBCS","1","896000","896FA368","1","12","05/17/25 05:19","05/17/25 05:21","766","S 05/17/25","S",
"02301-9997","DBCS","1","918000","LV02018U","3","3","05/17/25 16:41","05/17/25 16:56","4734","S 05/17/25","NS",
"02301-9997","DBCS","1","918000","LV02018U","3","4","05/17/25 17:38","05/17/25 18:01","8231","S 05/17/25","NS",
"02301-9997","DBCS","1","918000","LV02018U","3","5","05/17/25 18:05","05/17/25 19:25","26168","S 05/17/25","NS",
"02301-9997","DBCS","1","918000","LV02018U","3","6","05/17/25 20:06","05/17/25 21:28","18484","S 05/17/25","NS",
"02301-9997","DBCS","1","918000","LV02368U","1","7","05/17/25 22:19","05/18/25 00:57","40612","S 05/18/25","S",
"02301-9997","DBCS","1","918000","LV02368U","1","8","05/18/25 01:33","05/18/25 02:59","17672","S 05/18/25","S",
"02301-9997","DBCS","1","918000","LV02018U","3","3","05/18/25 14:24","05/18/25 15:40","26579","S 05/18/25","NS",
"02301-9997","DBCS","1","919000","LV02018U-2","3","4","05/18/25 16:04","05/18/25 16:56","24866","S 05/18/25","S",
"02301-9997","DBCS","1","919000","LV02018U-2","3","5","05/18/25 17:35","05/18/25 19:20","55024","S 05/18/25","S",
"02301-9997","DBCS","1","896000","896FA018","3","6","05/18/25 20:05","05/18/25 20:12","2253","S 05/18/25","S",
"02301-9997","DBCS","1","918000","LV02368U","3","7","05/18/25 20:33","05/18/25 21:56","26946","S 05/18/25","S",
"02301-9997","DBCS","1","918000","LV02368U","3","8","05/18/25 22:13","05/18/25 23:30","9472","S 05/18/25","S",
"02301-9997","DBCS","1","919000","LV02368U-2","1","9","05/18/25 23:55","05/19/25 01:49","26776","S 05/19/25","S",
"02301-9997","DBCS","1","919000","LV02368U-2","1","10","05/19/25 01:51","05/19/25 03:24","36140","S 05/19/25","S",
"02301-9997","DBCS","1","919000","LV02368U-2","1","11","05/19/25 04:02","05/19/25 04:51","25421","S 05/19/25","S",
"02301-9997","DBCS","1","896000","896FA368","1","12","05/19/25 04:59","05/19/25 05:03","1532","S 05/19/25","S",
"02301-9997","DBCS","1","918000","LV02018U","2","14","05/19/25 14:11","05/19/25 14:53","12042","S 05/19/25","NS",
"02301-9997","DBCS","1","918000","LV02018U","3","15","05/19/25 14:54","05/19/25 15:37","12606","S 05/19/25","NS",
"02301-9997","DBCS","1","918000","LV02018U","3","16","05/19/25 15:52","05/19/25 16:05","5757","S 05/19/25","NS",
"02301-9997","DBCS","1","918000","LV02018U","3","17","05/19/25 16:06","05/19/25 16:23","8994","S 05/19/25","NS",
"02301-9997","DBCS","1","919000","LV02018U-2","3","18","05/19/25 17:31","05/19/25 19:09","37337","S 05/19/25","S",
"02301-9997","DBCS","1","896000","896FA018","3","19","05/19/25 19:14","05/19/25 19:17","877","S 05/19/25","S",
"02301-9997","DBCS","1","918000","LV02368U","3","20","05/19/25 22:21","05/19/25 22:28","703","S 05/19/25","S",
"02301-9997","DBCS","1","918000","LV02368U","1","21","05/19/25 22:47","05/20/25 00:59","41505","S 05/20/25","S",
"02301-9997","DBCS","2","918000","LV02341U","3","3","05/14/25 14:26","05/14/25 16:54","62208","S 05/14/25","NS",
"02301-9997","DBCS","2","919000","LV02341U-2","3","4","05/14/25 18:00","05/14/25 19:24","41985","S 05/14/25","S",
"02301-9997","DBCS","2","919000","LV02341U-2","3","5","05/14/25 20:05","05/14/25 20:42","19071","S 05/14/25","S",
"02301-9997","DBCS","2","896000","896FA341","3","6","05/14/25 20:55","05/14/25 21:01","908","S 05/14/25","S",
"02301-9997","DBCS","2","918000","LV02382U","3","7","05/14/25 21:29","05/14/25 21:45","4376","S 05/14/25","NS",
"02301-9997","DBCS","2","918000","LV02382U","1","8","05/14/25 22:18","05/15/25 01:16","59096","S 05/15/25","NS",
"02301-9997","DBCS","2","919000","LV02382U-2","1","9","05/15/25 01:35","05/15/25 04:13","61315","S 05/15/25","S",
"02301-9997","DBCS","2","896000","896FA382","1","10","05/15/25 04:14","05/15/25 04:28","1071","S 05/15/25","S",
"02301-9997","DBCS","2","918000","LV02341U","3","5","05/15/25 14:15","05/15/25 16:09","51774","S 05/15/25","NS",
"02301-9997","DBCS","2","918000","LV02341U","3","6","05/15/25 16:38","05/15/25 16:59","8441","S 05/15/25","NS",
"02301-9997","DBCS","2","919000","LV02341U-2","3","7","05/15/25 17:44","05/15/25 19:13","35355","S 05/15/25","S",
"02301-9997","DBCS","2","919000","LV02341U-2","3","8","05/15/25 19:15","05/15/25 19:23","2368","S 05/15/25","S",
"02301-9997","DBCS","2","919000","LV02341U-2","3","9","05/15/25 20:04","05/15/25 21:13","20102","S 05/15/25","S",
"02301-9997","DBCS","2","896000","896FA341","3","10","05/15/25 21:21","05/15/25 21:26","1127","S 05/15/25","S",
"02301-9997","DBCS","2","918000","LV02382U","3","11","05/15/25 22:25","05/15/25 23:26","13328","S 05/15/25","NS",
"02301-9997","DBCS","2","918000","LV02382U","1","12","05/15/25 23:27","05/16/25 01:01","40334","S 05/16/25","NS",
"02301-9997","DBCS","2","919000","LV02382U-2","1","13","05/16/25 01:50","05/16/25 03:25","46255","S 05/16/25","S",
"02301-9997","DBCS","2","919000","LV02382U-2","1","14","05/16/25 04:07","05/16/25 04:18","5920","S 05/16/25","S",
"02301-9997","DBCS","2","896000","896FA382","1","15","05/16/25 04:22","05/16/25 04:24","689","S 05/16/25","S",
"02301-9997","DBCS","2","918000","LV02341U","3","3","05/16/25 13:25","05/16/25 16:52","57577","S 05/16/25","NS",
"02301-9997","DBCS","2","919000","LV02341U-2","3","4","05/16/25 17:50","05/16/25 19:27","48250","S 05/16/25","S",
"02301-9997","DBCS","2","919000","LV02341U-2","3","5","05/16/25 20:04","05/16/25 20:20","6757","S 05/16/25","S",
"02301-9997","DBCS","2","896000","896FA341","3","6","05/16/25 20:30","05/16/25 20:34","1233","S 05/16/25","S",
"02301-9997","DBCS","2","918000","LV02382U","3","7","05/16/25 20:56","05/17/25 00:25","46302","S 05/17/25","NS",
"02301-9997","DBCS","2","919000","LV02382U-2","1","8","05/17/25 01:49","05/17/25 03:26","24163","S 05/17/25","S",
"02301-9997","DBCS","2","919000","LV02382U-2","1","9","05/17/25 04:07","05/17/25 04:34","8593","S 05/17/25","S",
"02301-9997","DBCS","2","919000","LV02382U-2","1","10","05/17/25 04:34","05/17/25 05:21","10008","S 05/17/25","S",
"02301-9997","DBCS","2","896000","896FA382","1","11","05/17/25 05:22","05/17/25 05:49","4498","S 05/17/25","S",
"02301-9997","DBCS","2","918000","LV02341U","3","3","05/17/25 16:32","05/17/25 16:55","10870","S 05/17/25","NS",
"02301-9997","DBCS","2","918000","LV02341U","3","4","05/17/25 17:39","05/17/25 18:02","6493","S 05/17/25","NS",
"02301-9997","DBCS","2","918000","LV02341U","3","5","05/17/25 18:05","05/17/25 19:25","23988","S 05/17/25","NS",
"02301-9997","DBCS","2","918000","LV02382U","1","6","05/17/25 22:25","05/18/25 00:59","50607","S 05/18/25","NS",
"02301-9997","DBCS","2","918000","LV02382U","1","7","05/18/25 01:39","05/18/25 02:56","9414","S 05/18/25","NS",
"02301-9997","DBCS","2","918000","LV02341U","3","3","05/18/25 14:18","05/18/25 15:58","34526","S 05/18/25","NS",
"02301-9997","DBCS","2","919000","LV02341U-2","3","4","05/18/25 16:19","05/18/25 16:55","15296","S 05/18/25","S",
"02301-9997","DBCS","2","919000","LV02341U-2","3","5","05/18/25 17:37","05/18/25 19:23","53772","S 05/18/25","S",
"02301-9997","DBCS","2","919000","LV02341U-2","3","6","05/18/25 20:03","05/18/25 20:06","1576","S 05/18/25","S",
"02301-9997","DBCS","2","896000","896FA341","3","7","05/18/25 20:15","05/18/25 20:23","2350","S 05/18/25","S",
"02301-9997","DBCS","2","918000","LV02382U","3","8","05/18/25 20:49","05/18/25 21:57","25034","S 05/18/25","NS",
"02301-9997","DBCS","2","918000","LV02382U","3","9","05/18/25 22:14","05/18/25 23:24","14521","S 05/18/25","NS",
"02301-9997","DBCS","2","919000","LV02382U-2","1","10","05/18/25 23:27","05/19/25 00:54","23318","S 05/19/25","S",
"02301-9997","DBCS","2","919000","LV02382U-2","1","11","05/19/25 01:33","05/19/25 03:27","44929","S 05/19/25","S",
"02301-9997","DBCS","2","919000","LV02382U-2","1","12","05/19/25 04:11","05/19/25 05:11","26020","S 05/19/25","S",
"02301-9997","DBCS","2","896000","896FA382","1","13","05/19/25 05:18","05/19/25 05:48","4181","S 05/19/25","S",
"02301-9997","DBCS","2","918000","LV02341U","3","5","05/19/25 14:34","05/19/25 16:19","30425","S 05/19/25","NS",
"02301-9997","DBCS","2","919000","LV02341U-2","3","6","05/19/25 16:50","05/19/25 16:55","1182","S 05/19/25","S",
"02301-9997","DBCS","2","919000","LV02341U-2","3","7","05/19/25 17:35","05/19/25 17:41","173","S 05/19/25","S",
"02301-9997","DBCS","2","919000","LV02341U-2","3","8","05/19/25 17:43","05/19/25 18:18","11297","S 05/19/25","S",
"02301-9997","DBCS","2","919000","LV02341U-2","3","9","05/19/25 18:19","05/19/25 19:09","15048","S 05/19/25","S",
"02301-9997","DBCS","2","896000","896FA341","3","10","05/19/25 20:03","05/19/25 20:12","1889","S 05/19/25","S",
"02301-9997","DBCS","2","918000","LV02382U","3","11","05/19/25 20:45","05/19/25 21:52","20411","S 05/19/25","NS",
"02301-9997","DBCS","2","918000","LV02382U","1","12","05/19/25 22:39","05/19/25 23:59","14343","S 05/20/25","NS",
"02301-9997","DBCS","2","919000","LV02382U-2","1","13","05/20/25 00:23","05/20/25 00:54","11214","S 05/20/25","S",
"02301-9997","DBCS","3","918000","LV02302U","3","3","05/14/25 14:17","05/14/25 16:36","63891","S 05/14/25","S",
"02301-9997","DBCS","3","919000","LV02302U-2","3","4","05/14/25 17:39","05/14/25 19:23","48187","S 05/14/25","S",
"02301-9997","DBCS","3","918000","LV02302U","3","5","05/14/25 20:04","05/14/25 20:09","1358","S 05/14/25","NS",
"02301-9997","DBCS","3","919000","LV02302U-2","3","6","05/14/25 20:11","05/14/25 20:40","12330","S 05/14/25","S",
"02301-9997","DBCS","3","896000","896FA302","3","7","05/14/25 21:28","05/14/25 21:43","5227","S 05/14/25","S",
"02301-9997","DBCS","3","918000","LV02360U","1","8","05/14/25 22:22","05/15/25 00:43","60040","S 05/15/25","NS",
"02301-9997","DBCS","3","919000","LV02360U-2","1","9","05/15/25 00:58","05/15/25 00:59","16","S 05/15/25","S",
"02301-9997","DBCS","3","919000","LV02360U-2","1","10","05/15/25 01:00","05/15/25 01:54","30759","S 05/15/25","S",
"02301-9997","DBCS","3","919000","LV02360U-2","1","11","05/15/25 02:33","05/15/25 03:27","28094","S 05/15/25","S",
"02301-9997","DBCS","3","896000","896FA360","1","12","05/15/25 03:35","05/15/25 03:46","1807","S 05/15/25","S",
"02301-9997","DBCS","3","896000","896FA027","1","13","05/15/25 04:47","05/15/25 04:58","1771","S 05/15/25","S",
"02301-9997","DBCS","3","918000","LV02302U","2","3","05/15/25 12:54","05/15/25 13:55","18670","S 05/15/25","S",
"02301-9997","DBCS","3","918000","LV02302U","3","4","05/15/25 14:15","05/15/25 16:56","59235","S 05/15/25","S",
"02301-9997","DBCS","3","918000","LV02302U","3","5","05/15/25 17:39","05/15/25 18:06","8107","S 05/15/25","NS",
"02301-9997","DBCS","3","919000","LV02302U-2","3","6","05/15/25 18:26","05/15/25 18:30","1117","S 05/15/25","S",
"02301-9997","DBCS","3","919000","LV02302U-2","3","7","05/15/25 18:31","05/15/25 18:34","910","S 05/15/25","S",
"02301-9997","DBCS","3","919000","LV02302U-2","3","8","05/15/25 18:35","05/15/25 18:42","2801","S 05/15/25","S",
"02301-9997","DBCS","3","919000","LV02302U-2","3","9","05/15/25 18:42","05/15/25 18:59","7671","S 05/15/25","S",
"02301-9997","DBCS","3","919000","LV02302U-2","3","10","05/15/25 19:00","05/15/25 19:01","16","S 05/15/25","S",
"02301-9997","DBCS","3","919000","LV02302U-2","3","11","05/15/25 19:01","05/15/25 19:18","9305","S 05/15/25","S",
"02301-9997","DBCS","3","919000","LV02302U-2","3","12","05/15/25 19:18","05/15/25 19:24","2193","S 05/15/25","S",
"02301-9997","DBCS","3","919000","LV02302U-2","3","13","05/15/25 20:03","05/15/25 20:31","15872","S 05/15/25","S",
"02301-9997","DBCS","3","919000","LV02302U-2","3","14","05/15/25 20:32","05/15/25 20:39","3009","S 05/15/25","S",
"02301-9997","DBCS","3","919000","LV02302U-2","3","15","05/15/25 20:39","05/15/25 20:53","7190","S 05/15/25","S",
"02301-9997","DBCS","3","919000","LV02302U-2","3","16","05/15/25 20:54","05/15/25 21:03","4355","S 05/15/25","S",
"02301-9997","DBCS","3","919000","LV02302U-2","3","17","05/15/25 21:03","05/15/25 21:06","763","S 05/15/25","S",
"02301-9997","DBCS","3","919000","LV02302U-2","3","18","05/15/25 21:07","05/15/25 21:20","6657","S 05/15/25","S",
"02301-9997","DBCS","3","919000","LV02302U-2","3","19","05/15/25 21:21","05/15/25 21:31","5714","S 05/15/25","S",
"02301-9997","DBCS","3","919000","LV02302U-2","3","20","05/15/25 21:32","05/15/25 21:56","13356","S 05/15/25","S",
"02301-9997","DBCS","3","919000","LV02302U-2","3","21","05/15/25 22:05","05/15/25 22:10","2098","S 05/15/25","S",
"02301-9997","DBCS","3","919000","LV02302U-2","3","22","05/15/25 22:12","05/15/25 22:18","1974","S 05/15/25","S",
"02301-9997","DBCS","3","919000","LV02302U-2","3","23","05/15/25 22:19","05/15/25 22:23","1088","S 05/15/25","S",
"02301-9997","DBCS","3","896000","896FA302","3","24","05/15/25 22:35","05/15/25 22:53","6356","S 05/15/25","S",
"02301-9997","DBCS","3","919000","LV02360U-2","1","25","05/15/25 23:15","05/15/25 23:16","21","S 05/15/25","S",
"02301-9997","DBCS","3","918000","LV02360U","1","26","05/15/25 23:17","05/16/25 00:59","45214","S 05/16/25","NS",
"02301-9997","DBCS","3","918000","LV02360U","1","27","05/16/25 01:27","05/16/25 01:34","2977","S 05/16/25","NS",
"02301-9997","DBCS","3","919000","LV02360U-2","1","28","05/16/25 01:51","05/16/25 03:25","43204","S 05/16/25","S",
"02301-9997","DBCS","3","919000","LV02360U-2","1","29","05/16/25 04:08","05/16/25 04:23","3151","S 05/16/25","S",
"02301-9997","DBCS","3","896000","896FA360","1","30","05/16/25 04:35","05/16/25 04:38","1116","S 05/16/25","S",
"02301-9997","DBCS","3","918000","LV02302U","3","3","05/16/25 14:23","05/16/25 16:05","36719","S 05/16/25","S",
"02301-9997","DBCS","3","918000","LV02302U","3","4","05/16/25 16:11","05/16/25 16:57","20880","S 05/16/25","S",
"02301-9997","DBCS","3","919000","LV02302U-2","3","5","05/16/25 17:56","05/16/25 19:25","28282","S 05/16/25","S",
"02301-9997","DBCS","3","919000","LV02302U-2","3","6","05/16/25 20:04","05/16/25 21:09","27397","S 05/16/25","S",
"02301-9997","DBCS","3","896000","896FA302","3","7","05/16/25 21:22","05/16/25 21:33","1877","S 05/16/25","S",
"02301-9997","DBCS","3","918000","LV02360U","3","8","05/16/25 21:42","05/16/25 21:57","6861","S 05/16/25","NS",
"02301-9997","DBCS","3","918000","LV02360U","1","9","05/16/25 22:18","05/17/25 00:55","32285","S 05/17/25","NS",
"02301-9997","DBCS","3","918000","LV02360U","1","10","05/17/25 01:32","05/17/25 01:58","3540","S 05/17/25","NS",
"02301-9997","DBCS","3","919000","LV02360U-2","1","11","05/17/25 02:19","05/17/25 03:16","21136","S 05/17/25","S",
"02301-9997","DBCS","3","919000","LV02360U-2","1","12","05/17/25 04:06","05/17/25 04:55","20347","S 05/17/25","S",
"02301-9997","DBCS","3","896000","896FA360","1","13","05/17/25 05:19","05/17/25 05:33","1302","S 05/17/25","S",
"02301-9997","DBCS","3","918000","LV02302U","3","3","05/17/25 15:41","05/17/25 15:52","5911","S 05/17/25","S",
"02301-9997","DBCS","3","918000","LV02302U","3","4","05/17/25 16:35","05/17/25 18:46","41370","S 05/17/25","S",
"02301-9997","DBCS","3","918000","LV02360U","1","5","05/17/25 22:41","05/18/25 00:59","26549","S 05/18/25","NS",
"02301-9997","DBCS","3","918000","LV02360U","1","6","05/18/25 01:53","05/18/25 03:17","20990","S 05/18/25","NS",
"02301-9997","DBCS","3","918000","LV02360U","1","7","05/18/25 04:15","05/18/25 05:08","8563","S 05/18/25","NS",
"02301-9997","DBCS","3","918000","LV02302U","2","3","05/18/25 12:49","05/18/25 14:02","25755","S 05/18/25","S",
"02301-9997","DBCS","3","918000","LV02302U","2","4","05/18/25 14:38","05/18/25 14:59","6944","S 05/18/25","S",
"02301-9997","DBCS","3","918000","LV02302U","3","5","05/18/25 15:22","05/18/25 15:31","2546","S 05/18/25","S",
"02301-9997","DBCS","3","919000","LV02302U-2","3","6","05/18/25 15:54","05/18/25 16:52","31297","S 05/18/25","S",
"02301-9997","DBCS","3","919000","LV02302U-2","3","7","05/18/25 17:35","05/18/25 19:23","48306","S 05/18/25","S",
"02301-9997","DBCS","3","896000","896FA302","3","8","05/18/25 20:06","05/18/25 20:13","1647","S 05/18/25","S",
"02301-9997","DBCS","3","918000","LV02360U","1","9","05/18/25 22:16","05/18/25 23:49","38866","S 05/19/25","NS",
"02301-9997","DBCS","3","919000","LV02360U-2","1","10","05/19/25 00:01","05/19/25 01:54","57303","S 05/19/25","S",
"02301-9997","DBCS","3","919000","LV02360U-2","1","11","05/19/25 02:34","05/19/25 03:43","35641","S 05/19/25","S",
"02301-9997","DBCS","3","896000","896FA360","1","12","05/19/25 03:51","05/19/25 03:58","3340","S 05/19/25","S",
"02301-9997","DBCS","3","918000","LV02302U","2","3","05/19/25 14:30","05/19/25 14:43","1065","S 05/19/25","S",
"02301-9997","DBCS","3","918000","LV02302U","3","4","05/19/25 14:44","05/19/25 16:33","40238","S 05/19/25","S",
"02301-9997","DBCS","3","919000","LV02302U-2","3","5","05/19/25 17:37","05/19/25 19:06","38937","S 05/19/25","S",
"02301-9997","DBCS","3","896000","896FA302","3","6","05/19/25 19:21","05/19/25 19:24","320","S 05/19/25","S",
"02301-9997","DBCS","3","896000","896FA302","3","7","05/19/25 20:03","05/19/25 20:09","1944","S 05/19/25","S",
"02301-9997","DBCS","3","918000","LV02360U","3","8","05/19/25 20:25","05/19/25 21:53","29026","S 05/19/25","NS",
"02301-9997","DBCS","3","918000","LV02360U","3","9","05/19/25 22:26","05/19/25 23:28","22317","S 05/19/25","NS",
"02301-9997","DBCS","3","919000","LV02360U-2","1","10","05/19/25 23:48","05/20/25 01:38","48959","P","S",
"02301-9997","DBCS","4","918000","LV02061U","3","3","05/14/25 14:24","05/14/25 16:46","58120","S 05/14/25","NS",
"02301-9997","DBCS","4","919000","LV02061U-2","3","4","05/14/25 17:50","05/14/25 19:25","43983","S 05/14/25","S",
"02301-9997","DBCS","4","919000","LV02061U-2","3","5","05/14/25 20:07","05/14/25 20:34","12444","S 05/14/25","S",
"02301-9997","DBCS","4","896000","896FA061","3","6","05/14/25 20:52","05/14/25 20:57","574","S 05/14/25","S",
"02301-9997","DBCS","4","918000","LV02333U","1","7","05/14/25 22:12","05/15/25 00:57","57616","S 05/15/25","S",
"02301-9997","DBCS","4","919000","LV02333U-2","1","8","05/15/25 02:09","05/15/25 04:02","55830","S 05/15/25","S",
"02301-9997","DBCS","4","896000","896FA333","1","9","05/15/25 04:25","05/15/25 04:32","1388","S 05/15/25","S",
"02301-9997","DBCS","4","918000","LV02061U","3","6","05/15/25 14:11","05/15/25 16:26","60730","S 05/15/25","NS",
"02301-9997","DBCS","4","919000","LV02061U-2","3","7","05/15/25 16:36","05/15/25 16:56","7741","S 05/15/25","S",
"02301-9997","DBCS","4","919000","LV02061U-2","3","8","05/15/25 17:39","05/15/25 19:26","51514","S 05/15/25","S",
"02301-9997","DBCS","4","896000","896FA061","3","9","05/15/25 20:20","05/15/25 20:35","1257","S 05/15/25","S",
"02301-9997","DBCS","4","918000","LV02333U","3","10","05/15/25 20:36","05/15/25 20:50","7595","S 05/15/25","S",
"02301-9997","DBCS","4","918000","LV02333U","1","11","05/15/25 22:06","05/16/25 02:42","45366","S 05/16/25","S",
"02301-9997","DBCS","4","919000","LV02333U-2","1","12","05/16/25 03:00","05/16/25 03:26","11790","S 05/16/25","S",
"02301-9997","DBCS","4","919000","LV02333U-2","1","13","05/16/25 04:03","05/16/25 05:21","38388","S 05/16/25","S",
"02301-9997","DBCS","4","896000","896FA333","1","14","05/16/25 05:30","05/16/25 05:34","1323","S 05/16/25","S",
"02301-9997","DBCS","4","918000","LV02061U","2","3","05/16/25 13:18","05/16/25 14:32","3635","S 05/16/25","NS",
"02301-9997","DBCS","4","918000","LV02061U","3","4","05/16/25 14:33","05/16/25 16:38","47545","S 05/16/25","NS",
"02301-9997","DBCS","4","918000","LV02061U","3","5","05/16/25 16:41","05/16/25 16:57","4826","S 05/16/25","NS",
"02301-9997","DBCS","4","918000","LV02061U","3","6","05/16/25 17:34","05/16/25 17:39","1058","S 05/16/25","NS",
"02301-9997","DBCS","4","919000","LV02061U-2","3","7","05/16/25 18:02","05/16/25 19:28","43941","S 05/16/25","S",
"02301-9997","DBCS","4","919000","LV02061U-2","3","8","05/16/25 20:04","05/16/25 20:25","11372","S 05/16/25","S",
"02301-9997","DBCS","4","896000","896FA061","3","9","05/16/25 20:42","05/16/25 20:49","1393","S 05/16/25","S",
"02301-9997","DBCS","4","918000","LV02333U","3","10","05/16/25 21:03","05/16/25 21:50","23515","S 05/16/25","S",
"02301-9997","DBCS","4","918000","LV02333U","3","11","05/16/25 21:57","05/16/25 22:58","21202","S 05/16/25","S",
"02301-9997","DBCS","4","919000","LV02333U-2","1","12","05/16/25 23:22","05/17/25 00:31","36079","S 05/17/25","S",
"02301-9997","DBCS","4","919000","LV02333U-2","1","13","05/17/25 01:06","05/17/25 01:21","6926","S 05/17/25","S",
"02301-9997","DBCS","4","896000","896FA333","1","14","05/17/25 01:39","05/17/25 01:46","1260","S 05/17/25","S",
"02301-9997","DBCS","4","918000","LV02061U","3","3","05/17/25 14:43","05/17/25 16:06","30215","S 05/17/25","NS",
"02301-9997","DBCS","4","918000","LV02061U","3","4","05/17/25 17:41","05/17/25 18:06","8579","S 05/17/25","NS",
"02301-9997","DBCS","4","918000","LV02333U","1","5","05/17/25 22:29","05/18/25 00:58","38028","S 05/18/25","S",
"02301-9997","DBCS","4","918000","LV02333U","1","6","05/18/25 01:32","05/18/25 03:50","10035","S 05/18/25","S",
"02301-9997","DBCS","4","918000","LV02333U","1","7","05/18/25 04:33","05/18/25 04:39","36","S 05/18/25","NS",
"02301-9997","DBCS","4","918000","LV02061U","3","3","05/18/25 14:23","05/18/25 16:01","33478","S 05/18/25","NS",
"02301-9997","DBCS","4","919000","LV02061U-2","3","4","05/18/25 16:26","05/18/25 16:52","12424","S 05/18/25","S",
"02301-9997","DBCS","4","919000","LV02061U-2","3","5","05/18/25 17:35","05/18/25 19:27","38788","S 05/18/25","S",
"02301-9997","DBCS","4","919000","LV02061U-2","3","6","05/18/25 20:02","05/18/25 20:36","17046","S 05/18/25","S",
"02301-9997","DBCS","4","896000","896FA061","3","7","05/18/25 20:53","05/18/25 21:02","2495","S 05/18/25","S",
"02301-9997","DBCS","4","918000","LV02333U","1","8","05/18/25 22:18","05/19/25 00:38","49692","S 05/19/25","S",
"02301-9997","DBCS","4","918000","LV02333U","1","9","05/19/25 01:44","05/19/25 02:03","9806","S 05/19/25","NS",
"02301-9997","DBCS","4","919000","LV02333U-2","1","10","05/19/25 02:14","05/19/25 03:56","52280","S 05/19/25","S",
"02301-9997","DBCS","4","919000","LV02333U-2","1","11","05/19/25 04:06","05/19/25 05:29","40991","S 05/19/25","S",
"02301-9997","DBCS","4","896000","896FA333","1","12","05/19/25 05:37","05/19/25 05:50","3270","S 05/19/25","S",
"02301-9997","DBCS","4","918000","LV02061U","3","4","05/19/25 14:23","05/19/25 16:06","41443","S 05/19/25","NS",
"02301-9997","DBCS","4","919000","LV02061U-2","3","5","05/19/25 16:23","05/19/25 16:59","14207","S 05/19/25","S",
"02301-9997","DBCS","4","919000","LV02061U-2","3","6","05/19/25 17:36","05/19/25 18:32","25590","S 05/19/25","S",
"02301-9997","DBCS","4","896000","896FA061","3","7","05/19/25 18:35","05/19/25 18:39","1069","S 05/19/25","S",
"02301-9997","DBCS","4","918000","LV02333U","3","8","05/19/25 18:51","05/19/25 19:20","13054","S 05/19/25","S",
"02301-9997","DBCS","4","918000","LV02333U","3","9","05/19/25 20:18","05/19/25 21:15","26333","S 05/19/25","S",
"02301-9997","DBCS","4","919000","LV02333U-2","1","10","05/19/25 23:14","05/20/25 00:41","37950","S 05/20/25","S",
"02301-9997","DBCS","5","918000","LV02021U","2","3","05/14/25 14:21","05/14/25 15:10","9058","S 05/14/25","S",
"02301-9997","DBCS","5","918000","LV02021U","3","4","05/14/25 15:11","05/14/25 18:03","53099","S 05/14/25","S",
"02301-9997","DBCS","5","919000","LV02021U-2","3","5","05/14/25 18:23","05/14/25 20:35","58865","S 05/14/25","S",
"02301-9997","DBCS","5","896000","896FA021","3","6","05/14/25 20:51","05/14/25 20:59","1686","S 05/14/25","S",
"02301-9997","DBCS","5","918000","LV02027U","1","7","05/14/25 22:24","05/15/25 00:53","39379","S 05/15/25","S",
"02301-9997","DBCS","5","918000","LV02027U","1","8","05/15/25 01:15","05/15/25 02:19","12899","S 05/15/25","S",
"02301-9997","DBCS","5","919000","LV02027U-2","1","9","05/15/25 02:36","05/15/25 03:24","11214","S 05/15/25","S",
"02301-9997","DBCS","5","919000","LV02027U-2","1","10","05/15/25 03:41","05/15/25 05:54","38369","S 05/15/25","S",
"02301-9997","DBCS","5","918000","LV02021U","3","3","05/15/25 14:23","05/15/25 16:54","34810","S 05/15/25","S",
"02301-9997","DBCS","5","918000","LV02021U","3","4","05/15/25 17:39","05/15/25 19:28","31898","S 05/15/25","S",
"02301-9997","DBCS","5","918000","LV02021U","3","5","05/15/25 19:52","05/15/25 19:59","2305","S 05/15/25","NS",
"02301-9997","DBCS","5","918000","LV02021U","3","6","05/15/25 20:06","05/15/25 20:41","10146","S 05/15/25","S",
"02301-9997","DBCS","5","918000","LV02021U","3","7","05/15/25 21:21","05/15/25 21:22","12","S 05/15/25","NS",
"02301-9997","DBCS","5","919000","LV02021U-2","3","8","05/15/25 21:25","05/15/25 21:26","31","S 05/15/25","S",
"02301-9997","DBCS","5","919000","LV02021U-2","3","9","05/15/25 21:27","05/15/25 21:56","8848","S 05/15/25","S",
"02301-9997","DBCS","5","919000","LV02021U-2","1","10","05/15/25 22:33","05/16/25 01:40","44168","S 05/16/25","S",
"02301-9997","DBCS","5","896000","896FA021","1","11","05/16/25 02:12","05/16/25 02:32","2157","S 05/16/25","S",
"02301-9997","DBCS","5","918000","LV02021U","3","5","05/16/25 13:54","05/16/25 16:45","49219","S 05/16/25","S",
"02301-9997","DBCS","5","918000","LV02021U","3","6","05/16/25 16:47","05/16/25 16:53","677","S 05/16/25","NS",
"02301-9997","DBCS","5","918000","LV02021U","3","7","05/16/25 17:41","05/16/25 18:16","5241","S 05/16/25","NS",
"02301-9997","DBCS","5","918000","LV02021U","3","8","05/16/25 18:16","05/16/25 18:53","5768","S 05/16/25","S",
"02301-9997","DBCS","5","919000","LV02021U-2","3","9","05/16/25 20:09","05/16/25 21:56","32726","S 05/16/25","S",
"02301-9997","DBCS","5","919000","LV02021U-2","3","10","05/16/25 22:25","05/16/25 23:14","23806","S 05/16/25","S",
"02301-9997","DBCS","5","896000","896FA021","1","11","05/16/25 23:25","05/16/25 23:33","3029","S 05/16/25","S",
"02301-9997","DBCS","5","918000","LV02027U","1","12","05/16/25 23:54","05/17/25 02:26","47784","S 05/17/25","S",
"02301-9997","DBCS","5","919000","LV02027U-2","1","13","05/17/25 02:44","05/17/25 03:24","18118","S 05/17/25","S",
"02301-9997","DBCS","5","919000","LV02027U-2","1","14","05/17/25 04:03","05/17/25 04:07","1693","S 05/17/25","S",
"02301-9997","DBCS","5","919000","LV02027U-2","1","15","05/17/25 04:08","05/17/25 05:09","26404","S 05/17/25","S",
"02301-9997","DBCS","5","896000","896FA027","1","16","05/17/25 05:10","05/17/25 05:16","1541","S 05/17/25","S",
"02301-9997","DBCS","5","918000","LV02021U","3","3","05/17/25 14:37","05/17/25 16:30","23878","S 05/17/25","S",
"02301-9997","DBCS","5","918000","LV02021U","3","4","05/17/25 16:39","05/17/25 16:56","2495","S 05/17/25","NS",
"02301-9997","DBCS","5","918000","LV02021U","3","5","05/17/25 17:39","05/17/25 20:59","45186","S 05/17/25","S",
"02301-9997","DBCS","5","918000","LV02027U","1","6","05/18/25 04:05","05/18/25 05:17","26622","S 05/18/25","S",
"02301-9997","DBCS","5","918000","LV02021U","3","3","05/18/25 15:53","05/18/25 17:27","36282","S 05/18/25","S",
"02301-9997","DBCS","5","919000","LV02021U-2","3","4","05/18/25 18:15","05/18/25 20:54","79026","S 05/18/25","S",
"02301-9997","DBCS","5","919000","LV02021U-2","3","5","05/18/25 21:00","05/18/25 21:44","19675","S 05/18/25","S",
"02301-9997","DBCS","5","896000","896FA021","3","6","05/18/25 22:10","05/18/25 22:25","4893","S 05/18/25","S",
"02301-9997","DBCS","5","918000","LV02027U","1","7","05/18/25 22:40","05/19/25 00:55","44801","S 05/19/25","S",
"02301-9997","DBCS","5","919000","LV02027U-2","1","8","05/19/25 01:44","05/19/25 03:24","39183","S 05/19/25","S",
"02301-9997","DBCS","5","919000","LV02027U-2","1","9","05/19/25 04:10","05/19/25 05:34","29108","S 05/19/25","S",
"02301-9997","DBCS","5","896000","896FA027","1","10","05/19/25 05:38","05/19/25 05:45","2399","S 05/19/25","S",
"02301-9997","DBCS","5","918000","LV02021U","3","3","05/19/25 14:27","05/19/25 16:57","38686","S 05/19/25","S",
"02301-9997","DBCS","5","918000","LV02021U","3","4","05/19/25 17:34","05/19/25 17:54","7894","S 05/19/25","S",
"02301-9997","DBCS","5","919000","LV02021U-2","3","5","05/19/25 18:13","05/19/25 19:25","30969","S 05/19/25","S",
"02301-9997","DBCS","5","919000","LV02021U-2","3","6","05/19/25 20:04","05/19/25 20:34","11926","S 05/19/25","S",
"02301-9997","DBCS","5","896000","896FA021","3","7","05/19/25 20:46","05/19/25 20:49","1190","S 05/19/25","S",
"02301-9997","DBCS","5","918000","LV02027U","3","8","05/19/25 21:14","05/19/25 21:52","10758","S 05/19/25","S",
"02301-9997","DBCS","5","918000","LV02027U","1","9","05/19/25 22:25","05/20/25 00:00","24820","S 05/20/25","S",
"02301-9997","DBCS","5","918000","LV02027U","1","10","05/20/25 00:12","05/20/25 01:29","9609","P","S",
"02301-9997","DBCS","5","918000","LV02027U","1","11","05/20/25 01:29","05/20/25 01:52","9122","P","S",
"02301-9997","DBCS","8","893000","893FIM00","2","4","05/14/25 12:42","05/14/25 14:11","28092","S 05/14/25","NS",
"02301-9997","DBCS","8","918000","LV02301U","3","5","05/14/25 14:16","05/14/25 16:43","63575","S 05/14/25","S",
"02301-9997","DBCS","8","919000","LV02301U-2","3","6","05/14/25 17:42","05/14/25 18:01","10517","S 05/14/25","S",
"02301-9997","DBCS","8","919000","LV02301U-2","3","7","05/14/25 18:04","05/14/25 18:22","7965","S 05/14/25","S",
"02301-9997","DBCS","8","919000","LV02301U-2","3","8","05/14/25 18:22","05/14/25 19:24","34841","S 05/14/25","S",
"02301-9997","DBCS","8","919000","LV02301U-2","3","9","05/14/25 20:02","05/14/25 20:17","6450","S 05/14/25","S",
"02301-9997","DBCS","8","896000","896FA301","3","10","05/14/25 20:36","05/14/25 20:43","2661","S 05/14/25","S",
"02301-9997","DBCS","8","894000","894FI101","1","11","05/15/25 02:27","05/15/25 03:33","15914","S 05/15/25","NS",
"02301-9997","DBCS","8","893000","893FIM00","1","12","05/15/25 06:12","05/15/25 07:00","2279","S 05/15/25","NS",
"02301-9997","DBCS","8","893000","893FIM00","2","1","05/15/25 07:08","05/15/25 07:56","13322","S 05/15/25","NS",
"02301-9997","DBCS","8","893000","893FIM00","2","2","05/15/25 08:40","05/15/25 09:59","23045","S 05/15/25","NS",
"02301-9997","DBCS","8","893000","893FIM00","2","3","05/15/25 10:42","05/15/25 12:01","21790","S 05/15/25","NS",
"02301-9997","DBCS","8","893000","893FIM00","2","4","05/15/25 12:36","05/15/25 14:03","28528","S 05/15/25","NS",
"02301-9997","DBCS","8","918000","LV02301U","3","5","05/15/25 14:24","05/15/25 16:57","68710","S 05/15/25","S",
"02301-9997","DBCS","8","918000","LV02301U","3","6","05/15/25 17:35","05/15/25 17:49","3985","S 05/15/25","S",
"02301-9997","DBCS","8","919000","LV02301U-2","3","7","05/15/25 18:03","05/15/25 18:17","4412","S 05/15/25","S",
"02301-9997","DBCS","8","919000","LV02301U-2","3","8","05/15/25 18:18","05/15/25 18:24","794","S 05/15/25","S",
"02301-9997","DBCS","8","919000","LV02301U-2","3","9","05/15/25 18:25","05/15/25 18:36","1078","S 05/15/25","S",
"02301-9997","DBCS","8","919000","LV02301U-2","3","10","05/15/25 18:37","05/15/25 18:42","979","S 05/15/25","S",
"02301-9997","DBCS","8","919000","LV02301U-2","3","11","05/15/25 18:43","05/15/25 19:28","13610","S 05/15/25","S",
"02301-9997","DBCS","8","919000","LV02301U-2","3","12","05/15/25 20:04","05/15/25 20:20","4431","S 05/15/25","S",
"02301-9997","DBCS","8","919000","LV02301U-2","3","13","05/15/25 20:21","05/15/25 21:57","31239","S 05/15/25","S",
"02301-9997","DBCS","8","919000","LV02301U-2","3","14","05/15/25 22:41","05/15/25 22:59","2768","S 05/15/25","S",
"02301-9997","DBCS","8","896000","896FA301","1","15","05/15/25 23:17","05/15/25 23:53","7825","S 05/15/25","S",
"02301-9997","DBCS","8","918000","LV02027U","1","16","05/16/25 00:29","05/16/25 02:47","50997","S 05/16/25","S",
"02301-9997","DBCS","8","919000","LV02301U-2","1","17","05/16/25 03:12","05/16/25 03:16","62","NS","NS",
"02301-9997","DBCS","8","919000","LV02027U-2","1","18","05/16/25 03:24","05/16/25 03:54","10512","S 05/16/25","S",
"02301-9997","DBCS","8","919000","LV02027U-2","1","19","05/16/25 04:10","05/16/25 04:11","39","S 05/16/25","S",
"02301-9997","DBCS","8","919000","LV02027U-2","1","20","05/16/25 04:13","05/16/25 05:30","35702","S 05/16/25","S",
"02301-9997","DBCS","8","896000","896FA027","1","21","05/16/25 05:34","05/16/25 06:05","7495","S 05/16/25","S",
"02301-9997","DBCS","8","918000","LV02301U","3","4","05/16/25 19:28","05/16/25 19:55","8404","S 05/16/25","S",
"02301-9997","DBCS","8","918000","LV02301U","3","5","05/16/25 19:59","05/16/25 21:54","27116","S 05/16/25","S",
"02301-9997","DBCS","8","918000","LV02301U","3","6","05/16/25 22:37","05/16/25 22:55","5329","S 05/16/25","S",
"02301-9997","DBCS","8","919000","LV02301U-2","1","7","05/16/25 23:20","05/17/25 01:00","39450","S 05/17/25","S",
"02301-9997","DBCS","8","896000","896FA301","1","8","05/17/25 01:11","05/17/25 01:18","2390","S 05/17/25","S",
"02301-9997","DBCS","8","896000","896FA301","1","9","05/17/25 05:33","05/17/25 05:35","111","S 05/17/25","NS",
"02301-9997","DBCS","8","896000","896FA093","1","10","05/17/25 05:36","05/17/25 05:57","7440","S 05/19/25","S",
"02301-9997","DBCS","8","918000","LV02301U","3","3","05/17/25 18:31","05/17/25 18:37","2461","S 05/17/25","S",
"02301-9997","DBCS","8","918000","LV02301U","3","4","05/17/25 19:25","05/17/25 19:43","4714","S 05/17/25","S",
"02301-9997","DBCS","8","918000","LV02301U","3","5","05/17/25 20:50","05/17/25 21:42","19142","S 05/17/25","S",
"02301-9997","DBCS","8","918000","LV02301U","1","6","05/17/25 22:53","05/17/25 23:44","18663","S 05/17/25","S",
"02301-9997","DBCS","8","918000","LV02301U","1","7","05/18/25 03:12","05/18/25 03:24","4519","S 05/18/25","S",
"02301-9997","DBCS","8","918000","LV02301U","1","8","05/18/25 04:08","05/18/25 04:57","9840","S 05/18/25","S",
"02301-9997","DBCS","8","918000","LV02301U","3","5","05/18/25 14:17","05/18/25 16:03","40505","S 05/18/25","S",
"02301-9997","DBCS","8","919000","LV02301U-2","3","6","05/18/25 16:16","05/18/25 16:53","15989","S 05/18/25","S",
"02301-9997","DBCS","8","919000","LV02301U-2","3","7","05/18/25 17:40","05/18/25 20:28","74519","S 05/18/25","S",
"02301-9997","DBCS","8","896000","896FA301","3","8","05/18/25 20:32","05/18/25 20:53","6333","S 05/18/25","S",
"02301-9997","DBCS","8","894000","894FI101","1","9","05/18/25 23:41","05/19/25 00:59","925","S 05/19/25","NS",
"02301-9997","DBCS","8","894000","894FI101","1","10","05/19/25 01:39","05/19/25 03:16","13207","S 05/19/25","NS",
"02301-9997","DBCS","8","918000","LV02301U","3","5","05/19/25 14:37","05/19/25 15:23","10737","S 05/19/25","S",
"02301-9997","DBCS","8","918000","LV02301U","3","6","05/19/25 15:26","05/19/25 16:30","10434","S 05/19/25","S",
"02301-9997","DBCS","8","919000","LV02301U-2","3","7","05/19/25 17:37","05/19/25 18:44","19188","S 05/19/25","S",
"02301-9997","DBCS","8","896000","896FA301","3","8","05/19/25 18:53","05/19/25 18:58","1550","S 05/19/25","S",
"02301-9997","DBCS","8","919000","LV02090U-2","3","9","05/19/25 20:19","05/19/25 21:21","17402","S 05/19/25","S",
"02301-9997","DBCS","8","919000","LV02090U-2","3","10","05/19/25 21:21","05/19/25 21:57","14692","S 05/19/25","S",
"02301-9997","DBCS","8","919000","LV02090U-2","3","11","05/19/25 22:41","05/19/25 23:07","9851","S 05/19/25","S",
"02301-9997","DBCS","8","896000","896FA090","1","12","05/19/25 23:21","05/19/25 23:28","2479","S 05/19/25","S",
"02301-9997","DBCS","8","896000","896FA093","1","13","05/20/25 00:16","05/20/25 00:43","4592","S 05/20/25","S",
"02301-9997","DIOSS","6","483000","483FIM00","2","1","05/14/25 07:07","05/14/25 07:54","16042","S 05/14/25","NS",
"02301-9997","DIOSS","6","483000","483FIM00","2","2","05/14/25 08:34","05/14/25 09:52","20090","S 05/14/25","NS",
"02301-9997","DIOSS","6","483000","483FIM00","2","3","05/14/25 10:44","05/14/25 11:53","18592","S 05/14/25","NS",
"02301-9997","DIOSS","6","483000","483FIM00","2","4","05/14/25 12:34","05/14/25 14:01","19894","S 05/14/25","NS",
"02301-9997","DIOSS","6","918000","LV02090U","3","5","05/14/25 14:25","05/14/25 16:58","59633","S 05/14/25","S",
"02301-9997","DIOSS","6","482000","482FILNG","3","6","05/14/25 17:56","05/14/25 18:45","13855","S 05/14/25","NS",
"02301-9997","DIOSS","6","481000","481FILNG","3","7","05/14/25 18:46","05/14/25 19:25","10217","S 05/14/25","NS",
"02301-9997","DIOSS","6","481000","481FILNG","3","8","05/14/25 20:05","05/15/25 00:03","59432","S 05/15/25","NS",
"02301-9997","DIOSS","6","481000","481FIMUL","1","9","05/15/25 00:40","05/15/25 00:43","385","S 05/15/25","NS",
"02301-9997","DIOSS","6","919000","LV02090U-2","1","10","05/15/25 01:45","05/15/25 04:18","55526","S 05/15/25","S",
"02301-9997","DIOSS","6","896000","896FA090","1","11","05/15/25 04:25","05/15/25 04:31","850","S 05/15/25","S",
"02301-9997","DIOSS","6","483000","483FIM00","1","12","05/15/25 06:05","05/15/25 06:58","4822","S 05/15/25","NS",
"02301-9997","DIOSS","6","483000","483FIM00","2","1","05/15/25 07:06","05/15/25 07:51","18401","S 05/15/25","NS",
"02301-9997","DIOSS","6","483000","483FIM00","2","2","05/15/25 08:35","05/15/25 09:53","27717","S 05/15/25","NS",
"02301-9997","DIOSS","6","483000","483FIM00","2","3","05/15/25 10:36","05/15/25 11:52","22998","S 05/15/25","NS",
"02301-9997","DIOSS","6","483000","483FIM00","2","4","05/15/25 12:34","05/15/25 13:55","23292","S 05/15/25","NS",
"02301-9997","DIOSS","6","918000","LV02090U","3","5","05/15/25 14:23","05/15/25 16:05","2179","S 05/15/25","S",
"02301-9997","DIOSS","6","918000","LV02090U","3","6","05/15/25 16:06","05/15/25 16:55","20311","S 05/15/25","S",
"02301-9997","DIOSS","6","918000","LV02090U","3","7","05/15/25 17:32","05/15/25 19:07","38448","S 05/15/25","S",
"02301-9997","DIOSS","6","481000","481FIMUL","3","8","05/15/25 19:18","05/15/25 23:21","53754","S 05/15/25","NS",
"02301-9997","DIOSS","6","483000","483FIM00","1","9","05/15/25 23:30","05/15/25 23:50","2216","S 05/15/25","NS",
"02301-9997","DIOSS","6","483000","483FIM00","1","12","05/16/25 06:31","05/16/25 06:46","82","NS","NS",
"02301-9997","DIOSS","6","893000","893FIM00","1","13","05/16/25 06:47","05/16/25 06:51","490","S 05/16/25","NS",
"02301-9997","DIOSS","6","893000","893FIM00","2","1","05/16/25 07:03","05/16/25 07:52","23730","S 05/16/25","NS",
"02301-9997","DIOSS","6","893000","893FIM00","2","2","05/16/25 08:32","05/16/25 09:53","33982","S 05/16/25","NS",
"02301-9997","DIOSS","6","893000","893FIM00","2","3","05/16/25 10:34","05/16/25 11:51","24353","S 05/16/25","NS",
"02301-9997","DIOSS","6","893000","893FIM00","2","4","05/16/25 12:33","05/16/25 13:21","18824","S 05/16/25","NS",
"02301-9997","DIOSS","6","893000","893FIM00","2","5","05/16/25 13:24","05/16/25 13:49","9568","S 05/16/25","NS",
"02301-9997","DIOSS","6","918000","LV02090U","3","6","05/16/25 14:25","05/16/25 16:02","26148","S 05/16/25","S",
"02301-9997","DIOSS","6","918000","LV02090U","3","7","05/16/25 16:03","05/16/25 16:59","19746","S 05/16/25","S",
"02301-9997","DIOSS","6","918000","LV02090U","3","8","05/16/25 18:12","05/16/25 18:21","2475","S 05/16/25","S",
"02301-9997","DIOSS","6","919000","LV02090U-2","3","9","05/16/25 19:12","05/16/25 19:30","5512","S 05/16/25","S",
"02301-9997","DIOSS","6","919000","LV02090U-2","3","10","05/16/25 19:31","05/16/25 19:43","2996","S 05/16/25","S",
"02301-9997","DIOSS","6","919000","LV02090U-2","3","11","05/16/25 19:44","05/16/25 19:54","1232","S 05/16/25","S",
"02301-9997","DIOSS","6","919000","LV02090U-2","3","12","05/16/25 20:35","05/16/25 22:56","36101","S 05/16/25","S",
"02301-9997","DIOSS","6","896000","896FA090","1","13","05/16/25 23:12","05/16/25 23:23","2664","S 05/16/25","S",
"02301-9997","DIOSS","6","483000","483FIM00","1","17","05/17/25 06:08","05/17/25 06:54","9511","S 05/17/25","NS",
"02301-9997","DIOSS","6","483000","483FIM00","2","1","05/17/25 07:05","05/17/25 07:52","17831","S 05/17/25","NS",
"02301-9997","DIOSS","6","483000","483FIM00","2","2","05/17/25 08:40","05/17/25 09:43","13599","S 05/17/25","NS",
"02301-9997","DIOSS","6","893000","893FIM00","2","3","05/17/25 09:44","05/17/25 09:53","3270","S 05/17/25","NS",
"02301-9997","DIOSS","6","893000","893FIM00","2","4","05/17/25 10:34","05/17/25 11:52","21643","S 05/17/25","NS",
"02301-9997","DIOSS","6","893000","893FIM00","2","5","05/17/25 12:35","05/17/25 13:57","24520","S 05/17/25","NS",
"02301-9997","DIOSS","6","893000","893FIM00","2","6","05/17/25 14:26","05/17/25 15:28","19608","S 05/17/25","NS",
"02301-9997","DIOSS","6","918000","LV02090U","3","7","05/17/25 18:11","05/17/25 18:26","1910","S 05/17/25","S",
"02301-9997","DIOSS","6","918000","LV02090U","1","8","05/18/25 01:51","05/18/25 03:22","21548","S 05/18/25","S",
"02301-9997","DIOSS","6","918000","LV02090U","1","9","05/18/25 04:06","05/18/25 05:30","28629","S 05/18/25","S",
"02301-9997","DIOSS","6","483000","483FIM00","1","10","05/18/25 06:20","05/18/25 06:57","2073","S 05/18/25","NS",
"02301-9997","DIOSS","6","483000","483FIM00","2","1","05/18/25 07:10","05/18/25 07:54","6736","S 05/18/25","NS",
"02301-9997","DIOSS","6","483000","483FIM00","2","2","05/18/25 08:35","05/18/25 09:52","22528","S 05/18/25","NS",
"02301-9997","DIOSS","6","483000","483FIM00","2","3","05/18/25 10:35","05/18/25 11:52","18728","S 05/18/25","NS",
"02301-9997","DIOSS","6","893000","893FIM00","2","4","05/18/25 12:44","05/18/25 13:40","7875","S 05/18/25","NS",
"02301-9997","DIOSS","6","918000","LV02090U","3","5","05/18/25 14:20","05/18/25 17:03","41169","S 05/18/25","S",
"02301-9997","DIOSS","6","918000","LV02090U","3","6","05/18/25 17:32","05/18/25 17:44","817","S 05/18/25","S",
"02301-9997","DIOSS","6","919000","LV02090U-2","3","7","05/18/25 18:09","05/18/25 19:28","36732","S 05/18/25","S",
"02301-9997","DIOSS","6","919000","LV02090U-2","3","8","05/18/25 20:07","05/18/25 21:55","48999","S 05/18/25","S",
"02301-9997","DIOSS","6","896000","896FA090","1","9","05/18/25 22:55","05/19/25 01:25","1834","S 05/19/25","S",
"02301-9997","DIOSS","6","483000","483FIM00","2","1","05/19/25 07:25","05/19/25 07:33","934","S 05/19/25","NS",
"02301-9997","DIOSS","6","893000","893FIM00","2","2","05/19/25 07:33","05/19/25 07:54","4730","S 05/19/25","NS",
"02301-9997","DIOSS","6","893000","893FIM00","2","3","05/19/25 08:39","05/19/25 09:55","14348","S 05/19/25","NS",
"02301-9997","DIOSS","6","893000","893FIM00","2","4","05/19/25 10:37","05/19/25 11:53","11968","S 05/19/25","NS",
"02301-9997","DIOSS","6","893000","893FIM00","2","5","05/19/25 12:39","05/19/25 14:01","24288","S 05/19/25","NS",
"02301-9997","DIOSS","6","918000","LV02090U","3","6","05/19/25 14:27","05/19/25 16:44","48071","S 05/19/25","S",
"02301-9997","DIOSS","6","481000","481FILNG","3","7","05/19/25 18:08","05/19/25 18:33","3688","S 05/19/25","NS",
"02301-9997","DIOSS","6","482000","482FILNG","3","8","05/19/25 18:34","05/19/25 19:25","13196","S 05/19/25","NS",
"02301-9997","DIOSS","6","481000","481FILNG","3","9","05/19/25 20:09","05/19/25 21:54","32811","S 05/19/25","NS",
"02301-9997","DIOSS","6","481000","481FILNG","1","10","05/19/25 22:21","05/20/25 01:11","22074","S 05/20/25","NS",
"02301-9997","DIOSS","10","483000","483FIM00","2","1","05/14/25 07:04","05/14/25 07:53","8888","S 05/14/25","NS",
"02301-9997","DIOSS","10","483000","483FIM00","2","2","05/14/25 07:54","05/14/25 07:55","35","S 05/14/25","NS",
"02301-9997","DIOSS","10","483000","483FIM00","2","3","05/14/25 08:35","05/14/25 08:56","3412","S 05/14/25","NS",
"02301-9997","DIOSS","10","483000","483FIM00","2","4","05/14/25 08:57","05/14/25 09:53","16297","S 05/14/25","NS",
"02301-9997","DIOSS","10","483000","483FIM00","2","5","05/14/25 10:37","05/14/25 11:52","19864","S 05/14/25","NS",
"02301-9997","DIOSS","10","483000","483FIM00","2","6","05/14/25 12:31","05/14/25 14:02","22711","S 05/14/25","NS",
"02301-9997","DIOSS","10","918000","LV02330U","3","7","05/14/25 14:15","05/14/25 16:25","58372","S 05/14/25","NS",
"02301-9997","DIOSS","10","919000","LV02330U-2","3","8","05/14/25 17:27","05/14/25 19:27","54514","S 05/14/25","S",
"02301-9997","DIOSS","10","919000","LV02330U-2","3","9","05/14/25 20:06","05/14/25 20:12","2648","S 05/14/25","S",
"02301-9997","DIOSS","10","896000","896FA330","3","10","05/14/25 20:20","05/14/25 20:27","1820","S 05/14/25","S",
"02301-9997","DIOSS","10","483000","483FIM00","1","15","05/15/25 06:04","05/15/25 06:55","3526","S 05/15/25","NS",
"02301-9997","DIOSS","10","483000","483FIM00","2","1","05/15/25 07:05","05/15/25 07:53","14155","S 05/15/25","NS",
"02301-9997","DIOSS","10","483000","483FIM00","2","2","05/15/25 08:33","05/15/25 08:40","1830","S 05/15/25","NS",
"02301-9997","DIOSS","10","483000","483FIM00","2","3","05/15/25 08:41","05/15/25 09:51","20229","S 05/15/25","NS",
"02301-9997","DIOSS","10","483000","483FIM00","2","4","05/15/25 10:30","05/15/25 11:52","18607","S 05/15/25","NS",
"02301-9997","DIOSS","10","483000","483FIM00","2","5","05/15/25 12:35","05/15/25 13:58","19717","S 05/15/25","NS",
"02301-9997","DIOSS","10","918000","LV02330U","3","6","05/15/25 14:19","05/15/25 16:56","53813","S 05/15/25","NS",
"02301-9997","DIOSS","10","918000","LV02330U","3","7","05/15/25 17:30","05/15/25 18:01","6597","S 05/15/25","NS",
"02301-9997","DIOSS","10","919000","LV02330U-2","3","8","05/15/25 18:29","05/15/25 19:28","21240","S 05/15/25","S",
"02301-9997","DIOSS","10","919000","LV02330U-2","3","9","05/15/25 20:13","05/15/25 21:47","36364","S 05/15/25","S",
"02301-9997","DIOSS","10","896000","896FA330","1","10","05/15/25 23:20","05/15/25 23:27","1902","S 05/15/25","S",
"02301-9997","DIOSS","10","919000","LV02090U-2","1","11","05/16/25 02:02","05/16/25 02:21","708","S 05/16/25","S",
"02301-9997","DIOSS","10","919000","LV02090U-2","1","12","05/16/25 02:22","05/16/25 04:27","54642","S 05/16/25","S",
"02301-9997","DIOSS","10","896000","896FA090","1","13","05/16/25 04:31","05/16/25 04:51","1983","S 05/16/25","S",
"02301-9997","DIOSS","10","893000","893FIM00","1","17","05/16/25 06:30","05/16/25 06:54","4252","S 05/16/25","NS",
"02301-9997","DIOSS","10","893000","893FIM00","2","1","05/16/25 07:04","05/16/25 07:54","15937","S 05/16/25","NS",
"02301-9997","DIOSS","10","483000","483FIM00","2","2","05/16/25 08:19","05/16/25 08:21","31","S 05/16/25","NS",
"02301-9997","DIOSS","10","483000","483FIM00","2","3","05/16/25 08:39","05/16/25 09:59","22495","S 05/16/25","NS",
"02301-9997","DIOSS","10","483000","483FIM00","2","4","05/16/25 10:41","05/16/25 11:57","15283","S 05/16/25","NS",
"02301-9997","DIOSS","10","483000","483FIM00","2","5","05/16/25 12:35","05/16/25 14:20","23561","S 05/16/25","NS",
"02301-9997","DIOSS","10","918000","LV02330U","1","6","05/16/25 23:08","05/17/25 01:22","33380","S 05/17/25","NS",
"02301-9997","DIOSS","10","918000","LV02330U","1","7","05/17/25 01:28","05/17/25 01:54","5844","S 05/17/25","NS",
"02301-9997","DIOSS","10","918000","LV02330U","1","8","05/17/25 02:05","05/17/25 02:44","11830","S 05/17/25","NS",
"02301-9997","DIOSS","10","919000","LV02330U-2","1","9","05/17/25 03:05","05/17/25 03:52","19651","S 05/17/25","S",
"02301-9997","DIOSS","10","919000","LV02330U-2","1","10","05/17/25 04:31","05/17/25 05:29","23869","S 05/17/25","S",
"02301-9997","DIOSS","10","896000","896FA330","1","11","05/17/25 05:32","05/17/25 05:44","3059","S 05/17/25","S",
"02301-9997","DIOSS","10","483000","483FIM00","1","15","05/17/25 06:06","05/17/25 06:53","6269","S 05/17/25","NS",
"02301-9997","DIOSS","10","483000","483FIM00","2","1","05/17/25 07:06","05/17/25 07:51","15036","S 05/17/25","NS",
"02301-9997","DIOSS","10","483000","483FIM00","2","2","05/17/25 08:34","05/17/25 09:51","27673","S 05/17/25","NS",
"02301-9997","DIOSS","10","483000","483FIM00","2","3","05/17/25 10:34","05/17/25 11:53","23289","S 05/17/25","NS",
"02301-9997","DIOSS","10","483000","483FIM00","2","4","05/17/25 12:34","05/17/25 14:00","28828","S 05/17/25","NS",
"02301-9997","DIOSS","10","483000","483FIM00","3","5","05/17/25 14:27","05/17/25 16:21","33401","S 05/17/25","NS",
"02301-9997","DIOSS","10","918000","LV02330U","3","6","05/17/25 17:36","05/17/25 18:16","1224","S 05/17/25","NS",
"02301-9997","DIOSS","10","918000","LV02330U","3","7","05/17/25 21:14","05/17/25 21:47","15839","S 05/17/25","NS",
"02301-9997","DIOSS","10","918000","LV02330U","1","8","05/17/25 22:53","05/18/25 00:00","27287","S 05/18/25","NS",
"02301-9997","DIOSS","10","918000","LV02330U","1","9","05/18/25 02:23","05/18/25 03:20","16335","S 05/18/25","NS",
"02301-9997","DIOSS","10","483000","483FIM00","1","13","05/18/25 06:17","05/18/25 06:56","4204","S 05/18/25","NS",
"02301-9997","DIOSS","10","483000","483FIM00","2","1","05/18/25 07:08","05/18/25 07:53","14745","S 05/18/25","NS",
"02301-9997","DIOSS","10","483000","483FIM00","2","2","05/18/25 08:30","05/18/25 09:52","32056","S 05/18/25","NS",
"02301-9997","DIOSS","10","483000","483FIM00","2","3","05/18/25 10:30","05/18/25 12:24","39220","S 05/18/25","NS",
"02301-9997","DIOSS","10","893000","893FIM00","2","4","05/18/25 13:08","05/18/25 13:14","1392","S 05/18/25","NS",
"02301-9997","DIOSS","10","893000","893FIM00","2","5","05/18/25 13:31","05/18/25 13:43","7043","S 05/18/25","NS",
"02301-9997","DIOSS","10","918000","LV02330U","3","6","05/18/25 16:02","05/18/25 17:25","27968","S 05/18/25","NS",
"02301-9997","DIOSS","10","918000","LV02330U","3","7","05/18/25 18:27","05/18/25 19:02","5274","S 05/18/25","NS",
"02301-9997","DIOSS","10","919000","LV02330U-2","3","8","05/18/25 20:17","05/18/25 20:35","1848","S 05/18/25","S",
"02301-9997","DIOSS","10","919000","LV02330U-2","1","9","05/18/25 22:24","05/19/25 00:55","43082","S 05/19/25","S",
"02301-9997","DIOSS","10","919000","LV02330U-2","1","10","05/19/25 01:36","05/19/25 03:23","26987","S 05/19/25","S",
"02301-9997","DIOSS","10","919000","LV02330U-2","1","11","05/19/25 04:09","05/19/25 04:59","14608","S 05/19/25","S",
"02301-9997","DIOSS","10","896000","896FA330","1","12","05/19/25 05:20","05/19/25 05:38","3992","S 05/19/25","S",
"02301-9997","DIOSS","10","483000","483FIM00","1","13","05/19/25 06:06","05/19/25 06:54","4402","S 05/19/25","NS",
"02301-9997","DIOSS","10","483000","483FIM00","2","1","05/19/25 07:07","05/19/25 10:00","34987","S 05/19/25","NS",
"02301-9997","DIOSS","10","483000","483FIM00","2","2","05/19/25 10:39","05/19/25 11:55","15688","S 05/19/25","NS",
"02301-9997","DIOSS","10","483000","483FIM00","2","3","05/19/25 12:36","05/19/25 14:05","28369","S 05/19/25","NS",
"02301-9997","DIOSS","10","918000","LV02330U","3","4","05/19/25 14:23","05/19/25 16:31","46409","S 05/19/25","NS",
"02301-9997","DIOSS","10","919000","LV02330U-2","3","5","05/19/25 16:40","05/19/25 16:55","7125","S 05/19/25","S",
"02301-9997","DIOSS","10","919000","LV02330U-2","3","6","05/19/25 17:45","05/19/25 17:46","57","S 05/19/25","NS",
"02301-9997","DIOSS","10","919000","LV02330U-2","3","7","05/19/25 17:47","05/19/25 19:02","36618","S 05/19/25","S",
"02301-9997","DIOSS","10","896000","896FA330","3","8","05/19/25 20:06","05/19/25 20:15","972","S 05/19/25","S",
"02301-9997","DIOSS","11","483000","483FIM00","2","1","05/14/25 07:06","05/14/25 07:53","15225","S 05/14/25","NS",
"02301-9997","DIOSS","11","483000","483FIM00","2","2","05/14/25 08:39","05/14/25 09:54","25185","S 05/14/25","NS",
"02301-9997","DIOSS","11","483000","483FIM00","2","3","05/14/25 10:36","05/14/25 11:53","19499","S 05/14/25","NS",
"02301-9997","DIOSS","11","483000","483FIM00","2","4","05/14/25 12:35","05/14/25 14:00","24189","S 05/14/25","NS",
"02301-9997","DIOSS","11","918000","LV02093U","3","5","05/14/25 14:28","05/14/25 15:57","36774","S 05/14/25","NS",
"02301-9997","DIOSS","11","918000","LV02093U","3","6","05/14/25 16:23","05/14/25 16:54","13870","S 05/14/25","NS",
"02301-9997","DIOSS","11","918000","LV02093U","3","7","05/14/25 17:33","05/14/25 18:00","13215","S 05/14/25","NS",
"02301-9997","DIOSS","11","919000","LV02093U-2","3","8","05/14/25 18:19","05/14/25 19:25","31904","S 05/14/25","S",
"02301-9997","DIOSS","11","919000","LV02093U-2","3","9","05/14/25 20:05","05/14/25 21:00","28686","S 05/14/25","S",
"02301-9997","DIOSS","11","896000","896FA093","3","10","05/14/25 21:05","05/14/25 21:18","3045","S 05/14/25","S",
"02301-9997","DIOSS","11","483000","483FIM00","1","13","05/15/25 06:19","05/15/25 06:53","520","S 05/15/25","NS",
"02301-9997","DIOSS","11","893000","893FIM00","2","1","05/15/25 07:07","05/15/25 07:53","7903","S 05/15/25","NS",
"02301-9997","DIOSS","11","893000","893FIM00","2","2","05/15/25 08:37","05/15/25 09:52","16539","S 05/15/25","NS",
"02301-9997","DIOSS","11","893000","893FIM00","2","3","05/15/25 10:36","05/15/25 11:53","24296","S 05/15/25","NS",
"02301-9997","DIOSS","11","893000","893FIM00","2","4","05/15/25 12:37","05/15/25 13:51","15225","S 05/15/25","NS",
"02301-9997","DIOSS","11","918000","LV02093U","2","5","05/15/25 14:19","05/15/25 15:09","17153","S 05/15/25","NS",
"02301-9997","DIOSS","11","918000","LV02093U","3","6","05/15/25 15:21","05/15/25 16:57","34244","S 05/15/25","NS",
"02301-9997","DIOSS","11","482000","482FILNG","3","7","05/15/25 17:37","05/15/25 19:27","25257","S 05/15/25","NS",
"02301-9997","DIOSS","11","481000","481FILNG","3","8","05/15/25 20:08","05/15/25 22:24","34032","S 05/15/25","NS",
"02301-9997","DIOSS","11","482000","482FILNG","3","9","05/15/25 22:25","05/15/25 23:27","17753","S 05/15/25","NS",
"02301-9997","DIOSS","11","482000","482FILNG","1","10","05/15/25 23:32","05/16/25 00:02","4306","S 05/16/25","NS",
"02301-9997","DIOSS","11","481000","481FILNG","1","11","05/16/25 00:03","05/16/25 00:28","8371","S 05/16/25","NS",
"02301-9997","DIOSS","11","919000","LV02093U-2","1","14","05/16/25 01:39","05/16/25 02:06","179","S 05/16/25","S",
"02301-9997","DIOSS","11","919000","LV02093U-2","1","15","05/16/25 02:07","05/16/25 02:54","22883","S 05/16/25","S",
"02301-9997","DIOSS","11","919000","LV02093U-2","1","16","05/16/25 03:10","05/16/25 03:25","6995","S 05/16/25","S",
"02301-9997","DIOSS","11","919000","LV02093U-2","1","17","05/16/25 04:03","05/16/25 04:55","18912","S 05/16/25","S",
"02301-9997","DIOSS","11","896000","896FA093","1","18","05/16/25 04:59","05/16/25 05:05","1621","S 05/16/25","S",
"02301-9997","DIOSS","11","896000","896FA093","1","19","05/16/25 05:06","05/16/25 05:11","330","S 05/16/25","S",
"02301-9997","DIOSS","11","483000","483FIM00","1","20","05/16/25 06:06","05/16/25 06:53","10799","S 05/16/25","NS",
"02301-9997","DIOSS","11","483000","483FIM00","2","1","05/16/25 07:06","05/16/25 07:56","6552","S 05/16/25","NS",
"02301-9997","DIOSS","11","483000","483FIM00","2","2","05/16/25 08:01","05/16/25 08:21","1632","S 05/16/25","NS",
"02301-9997","DIOSS","11","483000","483FIM00","2","3","05/16/25 08:37","05/16/25 09:52","15486","S 05/16/25","NS",
"02301-9997","DIOSS","11","483000","483FIM00","2","4","05/16/25 10:36","05/16/25 11:51","17503","S 05/16/25","NS",
"02301-9997","DIOSS","11","483000","483FIM00","2","5","05/16/25 12:35","05/16/25 13:13","7999","S 05/16/25","NS",
"02301-9997","DIOSS","11","918000","LV02093U","2","6","05/16/25 14:17","05/16/25 15:34","28582","S 05/16/25","NS",
"02301-9997","DIOSS","11","918000","LV02093U","3","7","05/16/25 15:40","05/16/25 16:55","19694","S 05/16/25","NS",
"02301-9997","DIOSS","11","918000","LV02093U","3","8","05/16/25 17:36","05/16/25 17:49","2244","S 05/16/25","NS",
"02301-9997","DIOSS","11","482000","482FILNG","3","9","05/16/25 18:10","05/16/25 18:28","3621","S 05/16/25","NS",
"02301-9997","DIOSS","11","481000","481FILNG","3","10","05/16/25 18:29","05/16/25 20:20","20409","S 05/16/25","NS",
"02301-9997","DIOSS","11","481000","481FILNG","3","11","05/16/25 20:36","05/17/25 00:21","68822","S 05/17/25","NS",
"02301-9997","DIOSS","11","919000","LV02093U-2","1","15","05/17/25 02:50","05/17/25 06:00","32751","S 05/17/25","S",
"02301-9997","DIOSS","11","483000","483FIM00","2","1","05/17/25 12:42","05/17/25 13:16","3448","S 05/17/25","NS",
"02301-9997","DIOSS","11","483000","483FIM00","2","2","05/17/25 13:21","05/17/25 13:59","5101","S 05/17/25","NS",
"02301-9997","DIOSS","11","483000","483FIM00","3","3","05/17/25 14:25","05/17/25 16:09","33293","S 05/17/25","NS",
"02301-9997","DIOSS","11","918000","LV02093U","3","4","05/17/25 18:02","05/17/25 19:28","20413","S 05/17/25","NS",
"02301-9997","DIOSS","11","918000","LV02093U","3","5","05/17/25 20:05","05/17/25 20:07","220","S 05/17/25","NS",
"02301-9997","DIOSS","11","918000","LV02093U","3","6","05/17/25 20:08","05/17/25 21:31","23334","S 05/17/25","NS",
"02301-9997","DIOSS","11","918000","LV02093U","1","7","05/17/25 22:24","05/18/25 01:03","27252","S 05/18/25","NS",
"02301-9997","DIOSS","11","483000","483FIM00","2","1","05/18/25 07:09","05/18/25 07:53","13131","S 05/18/25","NS",
"02301-9997","DIOSS","11","483000","483FIM00","2","2","05/18/25 08:35","05/18/25 09:55","15074","S 05/18/25","NS",
"02301-9997","DIOSS","11","483000","483FIM00","2","3","05/18/25 10:35","05/18/25 11:44","14949","S 05/18/25","NS",
"02301-9997","DIOSS","11","483000","483FIM00","2","4","05/18/25 11:54","05/18/25 12:24","8500","S 05/18/25","NS",
"02301-9997","DIOSS","11","893000","893FIM00","2","5","05/18/25 13:09","05/18/25 13:14","919","S 05/18/25","NS",
"02301-9997","DIOSS","11","893000","893FIM00","2","6","05/18/25 13:31","05/18/25 13:38","2789","S 05/18/25","NS",
"02301-9997","DIOSS","11","918000","LV02093U","3","7","05/18/25 14:33","05/18/25 15:55","24943","S 05/18/25","NS",
"02301-9997","DIOSS","11","919000","LV02093U-2","3","8","05/18/25 16:23","05/18/25 16:45","9595","S 05/18/25","S",
"02301-9997","DIOSS","11","919000","LV02093U-2","3","9","05/18/25 17:33","05/18/25 19:22","45490","S 05/18/25","S",
"02301-9997","DIOSS","11","919000","LV02093U-2","3","10","05/18/25 20:05","05/18/25 21:04","27212","S 05/18/25","S",
"02301-9997","DIOSS","11","919000","LV02093U-2","3","11","05/18/25 21:05","05/18/25 21:24","8322","S 05/18/25","S",
"02301-9997","DIOSS","11","896000","896FA093","3","12","05/18/25 21:40","05/18/25 21:50","2906","S 05/18/25","S",
"02301-9997","DIOSS","11","483000","483FIM00","2","1","05/19/25 12:59","05/19/25 13:32","7939","S 05/19/25","NS",
"02301-9997","DIOSS","11","483000","483FIM00","2","2","05/19/25 13:33","05/19/25 13:49","3926","S 05/19/25","NS",
"02301-9997","DIOSS","11","483000","483FIM00","2","3","05/19/25 14:15","05/19/25 15:26","9304","S 05/19/25","NS",
"02301-9997","DIOSS","11","918000","LV02093U","3","4","05/19/25 15:32","05/19/25 16:28","15474","S 05/19/25","NS",
"02301-9997","DIOSS","11","918000","LV02093U","3","5","05/19/25 18:06","05/19/25 18:57","20308","S 05/19/25","NS",
"02301-9997","DIOSS","11","919000","LV02093U-2","3","6","05/19/25 19:15","05/19/25 19:23","4714","S 05/19/25","S",
"02301-9997","DIOSS","11","919000","LV02093U-2","3","7","05/19/25 20:07","05/19/25 20:55","22291","S 05/19/25","S",
"02301-9997","DIOSS","11","919000","LV02093U-2","1","8","05/19/25 22:54","05/19/25 23:12","6722","S 05/19/25","S",
"02301-9997","DIOSS","11","896000","896FA093","1","9","05/19/25 23:24","05/19/25 23:30","946","S 05/19/25","S",
"02301-9997","LCREM","1","487000","487F0023","3","3","05/14/25 20:43","05/14/25 21:08","1379","S 05/14/25","NS",
"02301-9997","LCREM","1","487000","487F0023","3","4","05/14/25 21:17","05/14/25 21:21","224","S 05/14/25","NS",
"02301-9997","LCREM","1","490000","490F0023","2","1","05/17/25 07:21","05/17/25 07:47","1544","S 05/17/25","NS",
"02301-9997","LCREM","1","490000","490F0023","2","2","05/17/25 08:33","05/17/25 08:43","107","S 05/17/25","NS",
"02301-9997","LCREM","1","487000","487F0023","2","3","05/17/25 10:34","05/17/25 10:57","1586","S 05/17/25","NS",
"02301-9997","LCREM","1","490000","490F0023","2","5","05/19/25 07:23","05/19/25 07:31","827","S 05/19/25","NS",
"02301-9997","LCREM","1","487000","487F0023","2","6","05/19/25 07:32","05/19/25 07:38","794","S 05/19/25","NS",
"02301-9997","LCTS","1","619000","619Z0231","2","1","05/14/25 07:00","05/14/25 15:00","509","S 05/14/25","NS",
"02301-9997","LCTS","1","619000","619Z0231","3","2","05/14/25 15:00","05/14/25 23:00","1451","S 05/14/25","NS",
"02301-9997","LCTS","1","619000","619Z0231","1","3","05/14/25 23:00","05/15/25 07:00","1164","S 05/15/25","NS",
"02301-9997","LCTS","1","619000","619Z0231","2","1","05/15/25 07:00","05/15/25 15:00","693","S 05/15/25","NS",
"02301-9997","LCTS","1","619000","619Z0231","3","2","05/15/25 15:00","05/15/25 23:00","1140","S 05/15/25","NS",
"02301-9997","LCTS","1","619000","619Z0231","1","3","05/15/25 23:00","05/16/25 07:00","1444","S 05/16/25","NS",
"02301-9997","LCTS","1","619000","619Z0231","2","1","05/16/25 07:00","05/16/25 15:00","1103","S 05/16/25","NS",
"02301-9997","LCTS","1","619000","619Z0231","3","2","05/16/25 15:00","05/16/25 23:00","1742","S 05/16/25","NS",
"02301-9997","LCTS","1","619000","619Z0231","1","3","05/16/25 23:00","05/17/25 07:00","1459","S 05/17/25","NS",
"02301-9997","LCTS","1","619000","619Z0231","2","1","05/17/25 07:00","05/17/25 15:00","106","S 05/17/25","NS",
"02301-9997","LCTS","1","619000","619Z0231","3","2","05/17/25 15:00","05/17/25 23:00","695","S 05/17/25","NS",
"02301-9997","LCTS","1","619000","619Z0231","1","3","05/17/25 23:00","05/18/25 07:00","589","S 05/18/25","NS",
"02301-9997","LCTS","1","619000","619Z0231","2","1","05/18/25 07:00","05/18/25 15:00","23","S 05/18/25","NS",
"02301-9997","LCTS","1","619000","619Z0231","3","2","05/18/25 15:00","05/18/25 23:00","345","S 05/18/25","NS",
"02301-9997","LCTS","1","619000","619Z0231","1","3","05/18/25 23:00","05/19/25 07:00","708","S 05/19/25","NS",
"02301-9997","LCTS","1","619000","619Z0231","2","1","05/19/25 07:00","05/19/25 15:00","486","S 05/19/25","NS",
"02301-9997","LCTS","1","619000","619Z0231","3","2","05/19/25 15:00","05/19/25 23:00","1190","S 05/19/25","NS",
"02301-9997","LCTS","2","619000","619Z023T","2","1","05/14/25 07:00","05/14/25 15:00","1557","S 05/14/25","NS",
"02301-9997","LCTS","2","619000","619Z023T","3","2","05/14/25 15:00","05/14/25 23:00","238","S 05/14/25","NS",
"02301-9997","LCTS","2","619000","619Z023T","1","3","05/14/25 23:00","05/15/25 07:00","1001","S 05/15/25","NS",
"02301-9997","LCTS","2","619000","619Z023T","2","1","05/15/25 07:00","05/15/25 15:00","1602","S 05/15/25","NS",
"02301-9997","LCTS","2","619000","619Z023T","3","2","05/15/25 15:00","05/15/25 23:00","255","S 05/15/25","NS",
"02301-9997","LCTS","2","619000","619Z023T","1","3","05/15/25 23:00","05/16/25 07:00","694","S 05/16/25","NS",
"02301-9997","LCTS","2","619000","619Z023T","2","1","05/16/25 07:00","05/16/25 15:00","1568","S 05/16/25","NS",
"02301-9997","LCTS","2","619000","619Z023T","1","3","05/16/25 23:00","05/17/25 07:00","884","S 05/17/25","NS",
"02301-9997","LCTS","2","619000","619Z023T","2","1","05/17/25 07:00","05/17/25 15:00","1576","S 05/17/25","NS",
"02301-9997","LCTS","2","619000","619Z023T","3","2","05/17/25 15:00","05/17/25 23:00","366","S 05/17/25","NS",
"02301-9997","LCTS","2","619000","619Z023T","1","3","05/17/25 23:00","05/18/25 07:00","516","S 05/18/25","NS",
"02301-9997","LCTS","2","619000","619Z023T","2","1","05/18/25 07:00","05/18/25 15:00","1479","S 05/18/25","NS",
"02301-9997","LCTS","2","619000","619Z023T","3","2","05/18/25 15:00","05/18/25 23:00","29","S 05/18/25","NS",
"02301-9997","LCTS","2","619000","619Z023T","1","3","05/18/25 23:00","05/19/25 07:00","544","S 05/19/25","NS",
"02301-9997","LCTS","2","619000","619Z023T","2","1","05/19/25 07:00","05/19/25 15:00","932","S 05/19/25","NS",
"02301-9997","LCTS","2","619000","619Z023T","3","2","05/19/25 15:00","05/19/25 23:00","125","S 05/19/25","NS",
"02301-9997","MSWYB","1","208000","MSWYB-RUN","3","1","05/14/25 18:07","05/14/25 18:10","6","S 05/15/25","NS",
"02301-9997","MSWYB","1","208000","MSWYB-RUN","3","1","05/14/25 18:47","05/14/25 18:48","2","S 05/15/25","NS",
"02301-9997","MSWYB","1","208000","MSWYB-RUN","3","1","05/14/25 19:23","05/14/25 19:30","50","S 05/15/25","NS",
"02301-9997","MSWYB","1","208000","MSWYB-RUN","1","1","05/14/25 23:08","05/15/25 02:45","534","S 05/15/25","NS",
"02301-9997","MSWYB","1","208000","MSWYB-RUN","3","1","05/15/25 18:43","05/15/25 18:44","4","S 05/16/25","NS",
"02301-9997","MSWYB","1","208000","MSWYB-RUN","3","1","05/15/25 19:14","05/15/25 19:35","50","S 05/16/25","NS",
"02301-9997","MSWYB","1","208000","MSWYB-RUN","1","1","05/15/25 23:53","05/16/25 02:55","354","S 05/16/25","NS",
"02301-9997","MSWYB","1","208000","MSWYB-RUN","3","1","05/16/25 17:21","05/16/25 17:21","2","S 05/17/25","NS",
"02301-9997","MSWYB","1","208000","MSWYB-RUN","3","1","05/16/25 17:55","05/16/25 18:15","3","S 05/17/25","NS",
"02301-9997","MSWYB","1","208000","MSWYB-RUN","3","1","05/16/25 18:52","05/16/25 18:52","1","S 05/17/25","NS",
"02301-9997","MSWYB","1","208000","MSWYB-RUN","3","1","05/16/25 19:29","05/16/25 19:36","44","S 05/17/25","NS",
"02301-9997","MSWYB","1","208000","MSWYB-RUN","3","1","05/16/25 20:42","05/16/25 21:44","145","S 05/17/25","NS",
"02301-9997","MSWYB","1","208000","MSWYB-RUN","1","1","05/16/25 23:16","05/17/25 02:48","550","S 05/17/25","NS",
"02301-9997","MSWYB","2","208000","MSWYB-RUN","1","1","05/16/25 02:01","05/16/25 02:52","131","S 05/16/25","NS",
"02301-9997","MSWYB","2","208000","MSWYB-RUN","1","1","05/17/25 02:43","05/17/25 02:54","48","S 05/17/25","NS",
"02301-9997","PSS","1","233000","PSS-RUN-233","2","1","05/14/25 07:25","05/14/25 07:26","5","S 05/14/25","NS",
"02301-9997","PSS","1","233000","PSS-RUN-233","2","1","05/14/25 08:09","05/14/25 08:11","13","S 05/14/25","NS",
"02301-9997","PSS","1","233000","PSS-RUN-233","2","1","05/14/25 09:49","05/14/25 10:11","10","S 05/15/25","NS",
"02301-9997","PSS","1","233000","PSS-RUN-233","2","1","05/14/25 11:11","05/14/25 11:27","136","S 05/15/25","NS",
"02301-9997","PSS","1","325000","PSS-RUN-325","2","1","05/14/25 11:12","05/14/25 11:12","1","S 05/15/25","NS",
"02301-9997","PSS","1","232000","PSS-RUN-232","3","1","05/14/25 15:03","05/14/25 15:05","13","S 05/15/25","NS",
"02301-9997","PSS","1","232000","PSS-RUN-232","3","1","05/14/25 17:24","05/14/25 17:35","72","S 05/15/25","NS",
"02301-9997","PSS","1","232000","PSS-RUN-232","3","1","05/14/25 18:01","05/14/25 19:19","194","S 05/15/25","NS",
"02301-9997","PSS","1","325000","PSS-RUN-325","3","1","05/14/25 21:36","05/14/25 21:44","12","S 05/15/25","NS",
"02301-9997","PSS","1","325000","PSS-RUN-325","1","1","05/14/25 23:07","05/14/25 23:07","1","S 05/15/25","NS",
"02301-9997","PSS","1","233000","PSS-RUN-233","1","1","05/14/25 23:45","05/15/25 00:23","105","S 05/15/25","NS",
"02301-9997","PSS","1","325000","PSS-RUN-325","1","1","05/14/25 23:51","05/15/25 00:04","31","S 05/15/25","NS",
"02301-9997","PSS","1","233000","PSS-RUN-233","1","1","05/15/25 00:48","05/15/25 01:15","13","S 05/15/25","NS",
"02301-9997","PSS","1","233000","PSS-RUN-233","1","1","05/15/25 02:11","05/15/25 02:40","59","S 05/15/25","NS",
"02301-9997","PSS","1","233000","PSS-RUN-233","1","1","05/15/25 04:48","05/15/25 04:49","7","S 05/15/25","NS",
"02301-9997","PSS","1","233000","PSS-RUN-233","1","1","05/15/25 05:18","05/15/25 05:18","1","S 05/15/25","NS",
"02301-9997","PSS","1","233000","PSS-RUN-233","2","1","05/15/25 07:42","05/15/25 07:44","10","S 05/15/25","NS",
"02301-9997","PSS","1","233000","PSS-RUN-233","2","1","05/15/25 10:22","05/15/25 10:27","9","S 05/16/25","NS",
"02301-9997","PSS","1","233000","PSS-RUN-233","2","1","05/15/25 11:17","05/15/25 11:30","104","S 05/16/25","NS",
"02301-9997","PSS","1","325000","PSS-RUN-325","2","1","05/15/25 11:18","05/15/25 11:18","1","S 05/16/25","NS",
"02301-9997","PSS","1","232000","PSS-RUN-232","2","1","05/15/25 14:54","05/15/25 14:54","4","S 05/16/25","NS",
"02301-9997","PSS","1","232000","PSS-RUN-232","3","1","05/15/25 17:16","05/15/25 17:41","91","S 05/16/25","NS",
"02301-9997","PSS","1","232000","PSS-RUN-232","3","1","05/15/25 18:13","05/15/25 19:18","158","S 05/16/25","NS",
"02301-9997","PSS","1","233000","PSS-RUN-233","1","1","05/15/25 22:34","05/15/25 23:37","52","S 05/16/25","NS",
"02301-9997","PSS","1","325000","PSS-RUN-325","1","1","05/15/25 23:36","05/15/25 23:41","2","S 05/16/25","NS",
"02301-9997","PSS","1","233000","PSS-RUN-233","1","1","05/16/25 00:13","05/16/25 00:22","16","S 05/16/25","NS",
"02301-9997","PSS","1","233000","PSS-RUN-233","1","1","05/16/25 02:00","05/16/25 02:17","49","S 05/16/25","NS",
"02301-9997","PSS","1","233000","PSS-RUN-233","1","1","05/16/25 04:09","05/16/25 04:09","1","S 05/16/25","NS",
"02301-9997","PSS","1","325000","PSS-RUN-325","1","1","05/16/25 04:43","05/16/25 04:43","1","S 05/16/25","NS",
"02301-9997","PSS","1","233000","PSS-RUN-233","1","1","05/16/25 04:57","05/16/25 05:02","23","S 05/16/25","NS",
"02301-9997","PSS","1","233000","PSS-RUN-233","1","1","05/16/25 06:52","05/16/25 07:04","2","S 05/16/25","NS",
"02301-9997","PSS","1","233000","PSS-RUN-233","2","1","05/16/25 07:35","05/16/25 07:35","1","S 05/16/25","NS",
"02301-9997","PSS","1","233000","PSS-RUN-233","2","1","05/16/25 08:23","05/16/25 08:34","11","S 05/17/25","NS",
"02301-9997","PSS","1","233000","PSS-RUN-233","2","1","05/16/25 10:47","05/16/25 11:03","157","S 05/17/25","NS",
"02301-9997","PSS","1","233000","PSS-RUN-233","2","1","05/16/25 11:40","05/16/25 11:41","3","S 05/17/25","NS",
"02301-9997","PSS","1","325000","PSS-RUN-325","2","1","05/16/25 13:01","05/16/25 13:32","29","S 05/17/25","NS",
"02301-9997","PSS","1","232000","PSS-RUN-232","3","1","05/16/25 14:58","05/16/25 15:12","5","S 05/17/25","NS",
"02301-9997","PSS","1","232000","PSS-RUN-232","3","1","05/16/25 15:33","05/16/25 15:33","2","S 05/17/25","NS",
"02301-9997","PSS","1","232000","PSS-RUN-232","3","1","05/16/25 17:13","05/16/25 17:27","50","S 05/17/25","NS",
"02301-9997","PSS","1","232000","PSS-RUN-232","3","1","05/16/25 17:48","05/16/25 19:34","122","S 05/17/25","NS",
"02301-9997","PSS","1","233000","PSS-RUN-233","1","1","05/16/25 22:59","05/16/25 23:04","28","S 05/17/25","NS",
"02301-9997","PSS","1","233000","PSS-RUN-233","1","1","05/16/25 23:26","05/16/25 23:26","1","S 05/17/25","NS",
"02301-9997","PSS","1","233000","PSS-RUN-233","1","1","05/17/25 00:15","05/17/25 00:27","11","S 05/17/25","NS",
"02301-9997","PSS","1","233000","PSS-RUN-233","1","1","05/17/25 01:58","05/17/25 02:23","69","S 05/17/25","NS",
"02301-9997","PSS","1","325000","PSS-RUN-325","1","1","05/17/25 03:15","05/17/25 03:34","44","S 05/17/25","NS",
"02301-9997","PSS","1","325000","PSS-RUN-325","1","1","05/17/25 04:02","05/17/25 05:45","113","S 05/17/25","NS",
"02301-9997","PSS","1","233000","PSS-RUN-233","1","1","05/17/25 04:29","05/17/25 04:43","14","S 05/17/25","NS",
"02301-9997","PSS","1","233000","PSS-RUN-233","2","1","05/17/25 09:21","05/17/25 09:21","1","S 05/18/25","NS",
"02301-9997","PSS","1","233000","PSS-RUN-233","2","1","05/17/25 10:34","05/17/25 10:44","4","S 05/18/25","NS",
"02301-9997","PSS","1","233000","PSS-RUN-233","2","1","05/17/25 11:14","05/17/25 11:24","94","S 05/18/25","NS",
"02301-9997","PSS","1","325000","PSS-RUN-325","3","1","05/17/25 22:09","05/17/25 22:30","39","S 05/18/25","NS",
"02301-9997","PSS","1","325000","PSS-RUN-325","1","1","05/18/25 05:06","05/18/25 05:07","4","S 05/18/25","NS",
"02301-9997","PSS","1","233000","PSS-RUN-233","1","1","05/18/25 06:38","05/18/25 07:10","54","S 05/18/25","NS",
"02301-9997","PSS","1","233000","PSS-RUN-233","2","1","05/18/25 10:50","05/18/25 10:50","1","S 05/19/25","NS",
"02301-9997","PSS","1","233000","PSS-RUN-233","1","1","05/19/25 01:53","05/19/25 01:56","8","S 05/19/25","NS",
"02301-9997","PSS","1","325000","PSS-RUN-325","1","1","05/19/25 02:22","05/19/25 02:23","6","S 05/19/25","NS",
"02301-9997","PSS","1","233000","PSS-RUN-233","1","1","05/19/25 03:27","05/19/25 03:32","10","S 05/19/25","NS",
"02301-9997","PSS","1","233000","PSS-RUN-233","2","1","05/19/25 07:26","05/19/25 07:26","3","S 05/19/25","NS",
"02301-9997","PSS","1","233000","PSS-RUN-233","2","1","05/19/25 07:48","05/19/25 07:48","1","S 05/19/25","NS",
"02301-9997","PSS","4","325000","PSS-RUN-325","2","1","05/14/25 11:31","05/14/25 11:31","1","S 05/15/25","NS",
"02301-9997","PSS","4","325000","PSS-RUN-325","2","1","05/14/25 12:39","05/14/25 12:56","20","S 05/15/25","NS",
"02301-9997","PSS","4","325000","PSS-RUN-325","3","1","05/14/25 21:45","05/14/25 21:55","25","S 05/15/25","NS",
"02301-9997","PSS","4","325000","PSS-RUN-325","1","1","05/14/25 23:06","05/15/25 00:58","711","S 05/15/25","NS",
"02301-9997","PSS","4","325000","PSS-RUN-325","1","1","05/15/25 01:22","05/15/25 06:04","519","S 05/15/25","NS",
"02301-9997","PSS","4","325000","PSS-RUN-325","2","1","05/15/25 07:02","05/15/25 07:36","63","S 05/15/25","NS",
"02301-9997","PSS","4","325000","PSS-RUN-325","3","1","05/15/25 20:56","05/15/25 22:42","202","S 05/16/25","NS",
"02301-9997","PSS","4","325000","PSS-RUN-325","1","1","05/15/25 23:13","05/16/25 05:48","1307","S 05/16/25","NS",
"02301-9997","PSS","4","325000","PSS-RUN-325","2","1","05/16/25 08:49","05/16/25 08:56","12","S 05/17/25","NS",
"02301-9997","PSS","4","325000","PSS-RUN-325","2","1","05/16/25 10:50","05/16/25 11:12","31","S 05/17/25","NS",
"02301-9997","PSS","4","325000","PSS-RUN-325","3","1","05/16/25 19:09","05/16/25 21:44","431","S 05/17/25","NS",
"02301-9997","PSS","4","325000","PSS-RUN-325","1","1","05/16/25 22:12","05/17/25 03:34","804","S 05/17/25","NS",
"02301-9997","PSS","4","325000","PSS-RUN-325","1","1","05/17/25 04:08","05/17/25 05:46","236","S 05/17/25","NS",
"02301-9997","PSS","4","325000","PSS-RUN-325","2","1","05/17/25 07:47","05/17/25 09:46","523","S 05/18/25","NS",
"02301-9997","PSS","4","233000","PSS-RUN-233","2","1","05/17/25 08:48","05/17/25 08:48","1","S 05/18/25","NS",
"02301-9997","PSS","4","233000","PSS-RUN-233","2","1","05/17/25 09:19","05/17/25 09:19","1","S 05/18/25","NS",
"02301-9997","PSS","4","325000","PSS-RUN-325","2","1","05/17/25 10:37","05/17/25 11:50","137","S 05/18/25","NS",
"02301-9997","PSS","4","325000","PSS-RUN-325","2","1","05/17/25 13:36","05/17/25 13:36","1","S 05/18/25","NS",
"02301-9997","PSS","4","325000","PSS-RUN-325","3","1","05/17/25 21:06","05/17/25 21:39","29","S 05/18/25","NS",
"02301-9997","PSS","4","325000","PSS-RUN-325","1","1","05/17/25 22:16","05/18/25 00:55","232","S 05/18/25","NS",
"02301-9997","PSS","4","325000","PSS-RUN-325","1","1","05/18/25 01:36","05/18/25 02:56","146","S 05/18/25","NS",
"02301-9997","PSS","4","325000","PSS-RUN-325","1","1","05/18/25 03:17","05/18/25 03:18","3","S 05/18/25","NS",
"02301-9997","PSS","4","325000","PSS-RUN-325","1","1","05/18/25 05:04","05/18/25 06:33","216","S 05/18/25","NS",
"02301-9997","PSS","4","325000","PSS-RUN-325","3","1","05/18/25 15:12","05/18/25 16:47","160","S 05/19/25","NS",
"02301-9997","PSS","4","325000","PSS-RUN-325","3","1","05/18/25 17:40","05/18/25 19:12","177","S 05/19/25","NS",
"02301-9997","PSS","4","325000","PSS-RUN-325","1","1","05/18/25 19:38","05/19/25 05:50","1504","S 05/19/25","NS",
"02301-9997","PSS","5","232000","PSS-RUN-232","3","1","05/14/25 17:17","05/14/25 17:17","2","S 05/15/25","NS",
"02301-9997","PSS","5","325000","PSS-RUN-325","3","1","05/14/25 21:41","05/14/25 21:42","7","S 05/15/25","NS",
"02301-9997","PSS","5","325000","PSS-RUN-325","1","1","05/14/25 22:59","05/14/25 23:13","20","S 05/15/25","NS",
"02301-9997","PSS","5","325000","PSS-RUN-325","1","1","05/14/25 23:49","05/15/25 00:44","237","S 05/15/25","NS",
"02301-9997","PSS","5","325000","PSS-RUN-325","1","1","05/15/25 01:30","05/15/25 03:56","426","S 05/15/25","NS",
"02301-9997","PSS","5","325000","PSS-RUN-325","1","1","05/15/25 04:38","05/15/25 05:45","243","S 05/15/25","NS",
"02301-9997","PSS","5","325000","PSS-RUN-325","1","1","05/15/25 23:41","05/16/25 01:08","280","S 05/16/25","NS",
"02301-9997","PSS","5","325000","PSS-RUN-325","1","1","05/16/25 01:58","05/16/25 02:43","169","S 05/16/25","NS",
"02301-9997","PSS","5","325000","PSS-RUN-325","1","1","05/16/25 03:04","05/16/25 03:58","185","S 05/16/25","NS",
"02301-9997","PSS","5","325000","PSS-RUN-325","1","1","05/16/25 04:38","05/16/25 05:50","215","S 05/16/25","NS",
"02301-9997","PSS","5","325000","PSS-RUN-325","3","1","05/16/25 21:06","05/16/25 22:39","234","S 05/17/25","NS",
"02301-9997","PSS","5","325000","PSS-RUN-325","1","1","05/16/25 23:31","05/17/25 00:44","324","S 05/17/25","NS",
"02301-9997","PSS","5","325000","PSS-RUN-325","1","1","05/17/25 01:47","05/17/25 03:39","334","S 05/17/25","NS",
"02301-9997","PSS","5","325000","PSS-RUN-325","1","1","05/17/25 04:31","05/17/25 05:46","222","S 05/17/25","NS",
"02301-9997","PSS","5","325000","PSS-RUN-325","2","1","05/17/25 11:35","05/17/25 13:35","241","S 05/18/25","NS",
"02301-9997","PSS","5","325000","PSS-RUN-325","3","1","05/18/25 15:17","05/18/25 16:44","320","S 05/19/25","NS",
"02301-9997","PSS","5","325000","PSS-RUN-325","3","1","05/18/25 17:56","05/18/25 19:22","272","S 05/19/25","NS",
"02301-9997","PSS","5","325000","PSS-RUN-325","3","1","05/18/25 21:32","05/18/25 21:43","60","S 05/19/25","NS",
"02301-9997","PSS","5","325000","PSS-RUN-325","1","1","05/19/25 02:24","05/19/25 04:54","198","S 05/19/25","NS",
"02302-9903","SDUS","1","315000","BB_02301_CARRIER_SECTIONS.CSV","2","1","05/14/25 06:40","05/14/25 07:30","4206","NS","NS",
"02302-9903","SDUS","1","315000","BB_02301_CARRIER_SECTIONS.CSV","1","1","05/15/25 06:33","05/15/25 07:14","3432","NS","NS",
"02302-9903","SDUS","1","315000","BB_02301_CARRIER_SECTIONS.CSV","2","1","05/16/25 06:40","05/16/25 07:25","3789","NS","NS",
"02302-9903","SDUS","1","315000","BB_02301_CARRIER_SECTIONS.CSV","2","1","05/17/25 06:48","05/17/25 07:59","5841","NS","NS",
"02302-9903","SDUS","1","315000","BB_02301_CARRIER_SECTIONS.CSV","2","1","05/18/25 10:18","05/18/25 11:01","3470","NS","NS",
"02302-9903","SDUS","1","315000","BB_02301_CARRIER_SECTIONS.CSV","2","1","05/19/25 06:42","05/19/25 07:46","5254","NS","NS",
